Timestamp,Machine_ID,Batch_ID,Oven_Temp_C,Chamber_Humidity_%,Dough_Moisture_%,Mixer_RPM,Mixer_Vibration_mms,Conveyor_Speed_mpm,Energy_kWh,Defective_Count,Quality_Score,Anomaly_Flag,Root_Cause,Maintenance_Required,Energy_Cost_Impact_USD
01-08-2025 08:00,Oven_2,B1000,194.05,49.92,59.34,128.8,2.25,25.51,206.87,1,94.5,0,-,0,0
01-08-2025 08:02,Oven_3,B1000,184.78,45.75,66,111.4,1.36,30.28,196.95,1,95.8,0,-,0,0
01-08-2025 08:04,Mixer_2,B1000,179.09,39.19,55.72,128.7,2.05,22.71,191.64,2,93.7,0,-,0,0
01-08-2025 08:06,Mixer_1,B1000,182.18,48.13,60.17,123.9,1.52,26.99,198.42,1,96.5,0,-,0,0
01-08-2025 08:08,Oven_1,B1000,183.23,41.42,53,134.1,2.86,23.75,201.38,0,96,0,-,0,0
01-08-2025 08:10,Oven_3,B1000,190.6,32.39,66.38,110,2.64,25.11,202.65,0,93.5,0,-,0,0
01-08-2025 08:12,Mixer_1,B1000,172.23,59.14,55.08,121.7,3.15,25.2,187.61,0,90.1,0,-,0,0
01-08-2025 08:14,Mixer_2,B1000,176.7,48.54,49.17,117.8,2.81,28.33,195.24,0,92.6,0,-,0,0
01-08-2025 08:16,Mixer_2,B1000,181.98,54.09,57.5,107.3,2.22,22.94,197.2,1,95.9,0,-,0,0
01-08-2025 08:18,Oven_1,B1000,205.26,40.44,57.44,114.3,2.81,23.82,210.72,2,88.3,1,Oven_Temp_C,1,29.47
01-08-2025 08:20,Oven_1,B1000,192.65,52.34,65.66,129,2.37,21.5,181.52,1,92.6,0,-,0,0
01-08-2025 08:22,Oven_1,B1000,184.11,52.95,56.64,116.2,2.97,26.07,190.3,0,96.1,0,-,0,0
01-08-2025 08:24,Oven_1,B1000,190.7,52.77,57.95,114.2,2.79,23.99,193.53,1,94.3,0,-,0,0
01-08-2025 08:26,Oven_1,B1000,201.46,44.89,60.37,126.9,2.01,25.93,205.03,2,91.1,0,-,0,0
01-08-2025 08:28,Oven_2,B1000,183.13,38.99,64.35,127.9,2.6,22.64,196.2,1,94.9,0,-,0,0
01-08-2025 08:30,Oven_2,B1000,182.07,44.11,57.75,127.9,2.63,24.21,200.7,3,94.5,0,-,0,0
01-08-2025 08:32,Oven_3,B1000,194.7,33.99,62.16,113.7,2.42,27.29,205.34,1,92.4,0,-,0,0
01-08-2025 08:34,Mixer_2,B1000,188.95,36.49,60.07,119.5,3.14,24.62,197.35,2,91.8,0,-,0,0
01-08-2025 08:36,Oven_2,B1000,190.37,45.46,56.82,128.2,3.63,26.38,200.78,0,93,0,-,0,0
01-08-2025 08:38,Oven_3,B1000,180.93,40.04,58.31,114.8,2.38,26.16,204.3,1,96.4,0,-,0,0
01-08-2025 08:40,Mixer_1,B1001,200.39,44.18,58.11,114,2.39,24.22,199.91,2,91.9,0,-,0,0
01-08-2025 08:42,Mixer_1,B1001,198.68,44.46,54.34,126.6,1.25,21.57,204.92,2,91.3,0,-,0,0
01-08-2025 08:44,Oven_2,B1001,189.53,54.65,62.85,132.5,2.52,27.17,210.4,0,95.3,0,-,0,0
01-08-2025 08:46,Mixer_1,B1001,190.47,51.49,52.46,110.8,2.34,25.38,200.28,0,95.7,0,-,0,0
01-08-2025 08:48,Mixer_1,B1001,168.78,44.78,62.68,99.2,1.3,27.16,173.34,1,91.6,0,-,0,0
01-08-2025 08:50,Oven_2,B1001,190.1,51.04,61.82,108.4,2.77,20.57,198.04,1,93.4,0,-,0,0
01-08-2025 08:52,Oven_1,B1001,183.45,41.1,57.63,111.9,2.95,21.36,190.54,0,96.4,0,-,0,0
01-08-2025 08:54,Oven_3,B1001,188.47,43.32,54.94,118.9,2.16,20.29,195.36,1,95.9,0,-,0,0
01-08-2025 08:56,Oven_2,B1001,190.46,49.55,57.09,124.9,2.38,23.07,205.28,1,95.7,0,-,0,0
01-08-2025 08:58,Oven_2,B1001,182.27,38.79,59.89,118.8,2.02,27.29,198.24,0,97.3,0,-,0,0
01-08-2025 09:00,Oven_1,B1001,171.48,43.61,60.97,114.4,3.06,26.25,186.95,2,89.5,0,-,0,0
01-08-2025 09:02,Mixer_1,B1001,187.94,38.4,59.15,121.2,1.69,24.92,203.24,0,97.7,0,-,0,0
01-08-2025 09:04,Mixer_1,B1001,179.07,45.59,61.97,112.3,2.41,25.29,194.69,3,93.2,0,-,0,0
01-08-2025 09:06,Mixer_1,B1001,182.36,53.16,55.77,119.6,3.77,26.67,195.95,0,92,0,-,0,0
01-08-2025 09:08,Oven_2,B1001,180.16,41.24,58.94,114.9,2.63,24.34,194.41,1,95.7,0,-,0,0
01-08-2025 09:10,Mixer_1,B1001,182.27,46.13,51.73,141.4,2.88,25.87,199.09,0,95.7,0,-,0,0
01-08-2025 09:12,Oven_1,B1001,166.52,40.51,61.05,126.5,2.51,25.31,184.86,0,92,0,-,0,0
01-08-2025 09:14,Mixer_1,B1001,194.74,39.25,58.61,113.3,1.9,20.19,196.02,2,92.5,0,-,0,0
01-08-2025 09:16,Mixer_2,B1001,187.03,38.82,56.34,112,2.58,24.15,196.12,2,95.1,0,-,0,0
01-08-2025 09:18,Mixer_1,B1001,193.89,52.27,62.65,116.5,2.84,27.99,196.09,0,92.8,0,-,0,0
01-08-2025 09:20,Oven_1,B1002,200.84,56.81,60.77,106.8,1.99,24.13,195.38,0,91.9,0,-,0,0
01-08-2025 09:22,Oven_3,B1002,185.18,47.42,46.73,114.2,2.8,24.69,203.23,0,95.5,1,Dough_Moisture_%,1,20.1
01-08-2025 09:24,Oven_2,B1002,170.58,41.42,49.31,114.1,3.35,23.66,185.54,1,87.5,0,-,0,0
01-08-2025 09:26,Mixer_2,B1002,177.85,48.52,52.18,127.1,3.24,14.54,199.91,0,91,1,Conveyor_Speed_mpm,1,32.43
01-08-2025 09:28,Oven_2,B1002,175.34,43.33,78.7,116.6,1.65,27.47,190.61,0,90.8,1,Dough_Moisture_%,1,29.54
01-08-2025 09:30,Mixer_2,B1002,208.03,49.01,67.96,113.7,2.01,24.41,218.91,3,85.2,1,Oven_Temp_C,1,30.73
01-08-2025 09:32,Mixer_1,B1002,185.64,59.79,55.93,109.3,1.63,22.75,194.45,2,94.3,0,-,0,0
01-08-2025 09:34,Oven_2,B1002,168.98,46.4,58.3,113.3,6.37,18.16,202.3,3,74,1,Mixer_Vibration_mms,1,52.57
01-08-2025 09:36,Oven_2,B1002,209.77,48.04,57,119.5,2.97,23.74,222.44,0,88.6,1,Oven_Temp_C,1,30.87
01-08-2025 09:38,Oven_3,B1002,196.67,42.1,59.4,118.3,3.02,20.67,222.18,2,90,0,-,0,0
01-08-2025 09:40,Oven_1,B1002,187.38,42.98,55.77,129.1,2.07,20.99,192.79,0,97.7,0,-,0,0
01-08-2025 09:42,Oven_2,B1002,184.12,36.39,63.15,115,1.9,26.75,201.97,0,96.9,0,-,0,0
01-08-2025 09:44,Mixer_1,B1002,182.49,42.79,54.05,128.5,2.65,26.56,184.9,0,97,0,-,0,0
01-08-2025 09:46,Oven_1,B1002,184.42,37.89,64.29,122.1,2.66,20.78,188.02,0,95.9,0,-,0,0
01-08-2025 09:48,Oven_1,B1002,180.68,44.28,54.27,120,2.09,26.87,200.47,2,94.8,0,-,0,0
01-08-2025 09:50,Mixer_1,B1002,180.1,40.21,59.11,103.9,2.69,26.01,191.04,1,95.2,0,-,0,0
01-08-2025 09:52,Mixer_2,B1002,171.54,45.51,62.63,109.7,2.99,23.28,182.79,1,90.6,0,-,0,0
01-08-2025 09:54,Oven_1,B1002,184.76,47.27,60.85,125.9,2.74,26.62,199.63,0,97.7,0,-,0,0
01-08-2025 09:56,Oven_3,B1002,199.76,37.9,54.25,131.2,1.98,21.42,197.91,1,91.1,0,-,0,0
01-08-2025 09:58,Oven_2,B1002,200.84,40.93,55.19,121.7,1.33,22.35,204.46,2,90.3,0,-,0,0
01-08-2025 10:00,Oven_2,B1003,195.57,40.28,56.15,126.1,2.44,21.83,188.14,0,94.7,0,-,0,0
01-08-2025 10:02,Oven_2,B1003,190.65,48.73,57.8,116.7,2.7,22.55,195.17,2,93.9,0,-,0,0
01-08-2025 10:04,Oven_2,B1003,179.59,53.53,62.59,117,2.44,26.93,189.69,2,93,0,-,0,0
01-08-2025 10:06,Mixer_1,B1003,196.54,49.26,52.83,114.7,2.34,22.07,203.93,1,92.4,0,-,0,0
01-08-2025 10:08,Oven_1,B1003,184.55,43.25,59.87,127.8,2.19,22.47,201.08,0,98.7,0,-,0,0
01-08-2025 10:10,Mixer_1,B1003,184.45,52.33,60.44,122.7,3.03,22.91,190.21,0,95.7,0,-,0,0
01-08-2025 10:12,Oven_1,B1003,182.67,37.43,60.23,118.1,2.57,25.43,204.47,1,96,0,-,0,0
01-08-2025 10:14,Mixer_1,B1003,185.74,52.5,59.87,117.4,2.67,24.25,192.39,1,96.1,0,-,0,0
01-08-2025 10:16,Oven_3,B1003,181.52,41.72,64.07,124.5,2.02,26.9,183.19,0,96.5,0,-,0,0
01-08-2025 10:18,Mixer_1,B1003,184.33,31.1,59.95,122.6,2.23,23.44,181.19,0,97,0,-,0,0
01-08-2025 10:20,Oven_2,B1003,176.32,58.25,61.43,113.3,2.7,22.16,198.68,1,91.7,0,-,0,0
01-08-2025 10:22,Oven_1,B1003,182.01,52.89,60.25,133.7,2,23.89,195.18,0,97,0,-,0,0
01-08-2025 10:24,Oven_3,B1003,203.24,39.84,65.17,122.1,1.84,25.08,202.58,0,91,0,-,0,0
01-08-2025 10:26,Oven_2,B1003,184.44,45.85,50.4,120.1,2.4,22.94,190.54,3,93.9,0,-,0,0
01-08-2025 10:28,Mixer_1,B1003,183.09,43.93,63.13,131.8,3.32,25.6,190.21,0,94.5,0,-,0,0
01-08-2025 10:30,Mixer_2,B1003,189.26,45.51,56.96,128.2,2.71,28.98,209.18,2,94.3,0,-,0,0
01-08-2025 10:32,Oven_3,B1003,190.66,37.58,56.88,119.3,3.48,23.71,198.16,4,87.7,0,-,0,0
01-08-2025 10:34,Oven_3,B1003,176.09,41.59,54.12,124.3,2.52,25.08,202.54,1,94.1,0,-,0,0
01-08-2025 10:36,Oven_2,B1003,183.34,47.34,50.53,111.4,2.41,27.96,194.2,1,95.6,0,-,0,0
01-08-2025 10:38,Mixer_1,B1003,192.35,46.11,56.47,114.9,1.76,23.55,184.89,0,96.7,0,-,0,0
01-08-2025 10:40,Mixer_1,B1004,187.16,51,55.25,101.9,2.25,23.11,199.48,1,96.2,0,-,0,0
01-08-2025 10:42,Oven_3,B1004,185.98,45.4,59.98,129.8,3.46,22.57,194.68,0,94.9,0,-,0,0
01-08-2025 10:44,Oven_2,B1004,197.43,56.75,52.11,104.8,2.8,25.85,200.08,1,89.9,0,-,0,0
01-08-2025 10:46,Mixer_1,B1004,179.58,41.42,63.73,125.5,3.04,26.1,203.67,0,93.8,0,-,0,0
01-08-2025 10:48,Oven_3,B1004,185.66,46.3,59.09,113.4,3.02,24.64,193.99,1,96,0,-,0,0
01-08-2025 10:50,Oven_2,B1004,180.84,35.42,57.01,112.2,2.59,25.06,199.92,1,95.3,0,-,0,0
01-08-2025 10:52,Oven_2,B1004,196.92,38.73,55.16,118.4,2.48,27.77,203.6,3,90.2,0,-,0,0
01-08-2025 10:54,Oven_1,B1004,169.39,51.64,54.85,122.1,2.67,26.87,184.05,0,91.8,0,-,0,0
01-08-2025 10:56,Oven_1,B1004,179.64,40.29,53.48,124.9,3,21.88,195.58,0,93.8,0,-,0,0
01-08-2025 10:58,Mixer_1,B1004,180.77,47.65,55.82,134.2,2.87,24.94,191.89,4,91.3,0,-,0,0
01-08-2025 11:00,Mixer_1,B1004,190.31,44.69,58.02,122.9,2.9,25.19,206.86,3,92.9,0,-,0,0
01-08-2025 11:02,Oven_3,B1004,189.85,39.78,57.29,127,2.69,26.54,206.04,3,92.7,0,-,0,0
01-08-2025 11:04,Oven_1,B1004,196.16,43.26,52.34,115.2,2.14,24.46,201.87,1,93.1,0,-,0,0
01-08-2025 11:06,Oven_2,B1004,172.41,42.43,56.94,125.7,2.44,23.53,192.98,4,89.9,0,-,0,0
01-08-2025 11:08,Oven_1,B1004,191,42.56,54.43,121.2,2.04,23.94,202.56,3,92.9,0,-,0,0
01-08-2025 11:10,Mixer_2,B1004,182.65,48.77,58.64,116.3,3.2,21.03,191.17,0,95,0,-,0,0
01-08-2025 11:12,Mixer_1,B1004,179.67,48.26,65.46,119.2,1.34,24.89,198.45,3,92.2,0,-,0,0
01-08-2025 11:14,Oven_1,B1004,189.32,42.11,60.5,119.5,2.47,23.63,196.55,2,94.8,0,-,0,0
01-08-2025 11:16,Mixer_1,B1004,177.64,40.46,56.75,121.5,4.03,25.96,196.37,1,89,0,-,0,0
01-08-2025 11:18,Mixer_1,B1004,168.38,46.41,51.5,123.2,2.4,22.68,180.77,1,90.8,0,-,0,0
01-08-2025 11:20,Oven_3,B1005,182.04,44.5,52.34,115.9,1.92,23.98,194.23,1,96.1,0,-,0,0
01-08-2025 11:22,Oven_2,B1005,173.02,50.14,51.25,114.1,2.59,22.78,190.46,0,92.7,0,-,0,0
01-08-2025 11:24,Oven_1,B1005,179.81,58.28,60.9,126,3.37,22.59,188.32,1,90.4,0,-,0,0
01-08-2025 11:26,Oven_2,B1005,187.97,49.21,54.94,106.4,2.5,26.47,194.26,1,96.1,0,-,0,0
01-08-2025 11:28,Oven_3,B1005,187.5,44.83,58.25,115.1,2.97,23.9,193.3,1,95.8,0,-,0,0
01-08-2025 11:30,Oven_1,B1005,197.7,44.14,55.51,132.4,2.66,25.9,209.37,1,92.8,0,-,0,0
01-08-2025 11:32,Oven_2,B1005,183.4,40.72,58.36,98.3,2.38,22.46,187.36,0,98.3,0,-,0,0
01-08-2025 11:34,Oven_2,B1005,172.73,40.47,63.61,114.5,4.49,25.14,191.44,2,83.2,0,-,0,0
01-08-2025 11:36,Oven_1,B1005,178.95,39.98,55.26,125.5,2.64,21.2,201.14,1,94.1,0,-,0,0
01-08-2025 11:38,Oven_2,B1005,177.64,43.02,56.64,106.8,2.28,23.87,192.23,0,96.6,0,-,0,0
01-08-2025 11:40,Mixer_2,B1005,175.26,42.86,54.77,140.8,2.31,23.81,183.17,1,94.1,0,-,0,0
01-08-2025 11:42,Oven_3,B1005,188.48,48.72,61.5,99.3,2.83,26.2,196.85,0,95.9,0,-,0,0
01-08-2025 11:44,Mixer_1,B1005,179.84,43.01,53.9,131.5,2.85,25.31,201.09,0,95.4,0,-,0,0
01-08-2025 11:46,Oven_3,B1005,169.18,44.01,53.47,132.5,3.06,24.53,187.08,1,89.7,0,-,0,0
01-08-2025 11:48,Mixer_1,B1005,190.58,38.91,52.45,127.3,2.68,26.75,207.49,3,91.1,0,-,0,0
01-08-2025 11:50,Mixer_2,B1005,184.11,53.22,52.37,118.2,1.74,25.33,199.33,0,97,0,-,0,0
01-08-2025 11:52,Mixer_2,B1005,187.85,47.53,59.88,122.9,2.92,26.09,201.07,1,95.1,0,-,0,0
01-08-2025 11:54,Mixer_1,B1005,185.85,53.94,68.28,112.8,2.41,26.59,194.87,0,95.6,1,Dough_Moisture_%,1,24.21
01-08-2025 11:56,Oven_1,B1005,190.05,48.98,54.02,126.5,2.43,24.76,196.58,1,95.4,0,-,0,0
01-08-2025 11:58,Mixer_2,B1005,185.3,52.45,61.81,111,1.71,24.26,193.46,1,96.5,0,-,0,0
01-08-2025 12:00,Mixer_1,B1006,194.89,43.76,59,117.8,2.26,25.62,202,1,94.8,0,-,0,0
01-08-2025 12:02,Oven_2,B1006,188.4,48.59,53.59,128,2.16,23.99,201.76,3,93.4,0,-,0,0
01-08-2025 12:04,Mixer_2,B1006,188.14,58.53,56.89,111.1,2.58,25.76,199.69,0,96.2,0,-,0,0
01-08-2025 12:06,Oven_2,B1006,188.28,38.88,57.07,117.1,1.73,27.34,196.79,1,96.2,0,-,0,0
01-08-2025 12:08,Mixer_2,B1006,173.35,50.88,55.24,121.3,2.63,26.78,191.06,0,93.6,0,-,0,0
01-08-2025 12:10,Mixer_1,B1006,183.68,53.49,65.72,109.3,2.67,24.06,196.15,3,91.9,0,-,0,0
01-08-2025 12:12,Mixer_1,B1006,182.93,47.11,50.38,129.3,1.93,22.08,185.27,0,96.6,0,-,0,0
01-08-2025 12:14,Oven_1,B1006,186.66,48.83,59.52,122.7,2.23,24.78,192.76,2,96,0,-,0,0
01-08-2025 12:16,Mixer_1,B1006,174.13,51.4,59.33,107.9,2.09,24.62,183.84,0,94.8,0,-,0,0
01-08-2025 12:18,Oven_1,B1006,198.07,41.65,55.68,119.6,3.14,27.33,203.07,0,91.4,0,-,0,0
01-08-2025 12:20,Oven_3,B1006,185.84,47.09,58.6,113.8,1.08,24.06,193.91,2,96.7,0,-,0,0
01-08-2025 12:22,Oven_2,B1006,175.31,40.56,61.51,114.7,2.39,24.44,188.49,2,92.6,0,-,0,0
01-08-2025 12:24,Oven_1,B1006,171.33,41.54,58.61,120.6,1.6,26.51,184.15,1,93.1,0,-,0,0
01-08-2025 12:26,Oven_1,B1006,182.75,41.84,59.67,114.3,2.34,23.85,197.89,0,98.1,0,-,0,0
01-08-2025 12:28,Oven_3,B1006,184.28,44.27,60.77,127.7,3.11,24.55,198.25,1,95.2,0,-,0,0
01-08-2025 12:30,Oven_1,B1006,179.25,45.75,49.87,114.4,2.22,28.66,184,0,95.3,0,-,0,0
01-08-2025 12:32,Oven_3,B1006,185.74,47.32,63.91,127.9,2.68,28.17,198.93,2,94.3,0,-,0,0
01-08-2025 12:34,Oven_2,B1006,179.87,37.75,67.11,119.6,2.09,26.28,187.13,0,94.6,0,-,0,0
01-08-2025 12:36,Oven_2,B1006,189.41,55.13,61.92,126.8,3.76,25.49,209.9,1,89.6,0,-,0,0
01-08-2025 12:38,Oven_3,B1006,179.2,50.92,62.05,115.7,3.15,22.77,188.91,0,93.1,0,-,0,0
01-08-2025 12:40,Mixer_2,B1007,184.69,48.72,52.37,116,3.28,26.12,193.67,2,92.3,0,-,0,0
01-08-2025 12:42,Oven_2,B1007,192.83,43.17,57.53,110.8,1.8,25.02,199.96,1,95.7,0,-,0,0
01-08-2025 12:44,Oven_1,B1007,205.57,44.54,54.75,124.6,1.94,25.38,207.07,0,91.9,1,Oven_Temp_C,1,28.13
01-08-2025 12:46,Oven_3,B1007,176.94,47.81,55.65,127.5,3.25,23.76,191.86,0,93,0,-,0,0
01-08-2025 12:48,Oven_1,B1007,181.28,47.11,61.87,137,2.48,24.87,205.47,0,97.4,0,-,0,0
01-08-2025 12:50,Oven_3,B1007,178.28,36.39,54.78,130.3,2.45,24.49,194.94,1,94.3,0,-,0,0
01-08-2025 12:52,Mixer_1,B1007,191.27,48.8,57.48,122,2.8,25.59,205.18,2,93.4,0,-,0,0
01-08-2025 12:54,Oven_1,B1007,175.82,59.94,50.37,118.3,1.85,28.03,198.97,0,92.2,0,-,0,0
01-08-2025 12:56,Oven_2,B1007,181.13,35.53,57.37,123.1,3.06,25.69,188.92,0,94.7,0,-,0,0
01-08-2025 12:58,Oven_3,B1007,184.76,50.1,58.36,119.8,2.61,21.26,204.73,2,95.7,0,-,0,0
01-08-2025 13:00,Oven_1,B1007,177.17,46.89,55.18,131.7,2.89,22.77,196.59,0,94.4,0,-,0,0
01-08-2025 13:02,Mixer_2,B1007,177.34,44.43,55.12,127.6,2.2,21.42,197.26,0,96,0,-,0,0
01-08-2025 13:04,Oven_2,B1007,181.2,52.04,65.55,113.3,2.91,23.15,187.44,2,91.4,0,-,0,0
01-08-2025 13:06,Mixer_2,B1007,168.2,38.93,53.16,114.5,2.18,26.12,191.71,1,90.6,0,-,0,0
01-08-2025 13:08,Oven_2,B1007,173.44,45.84,53.8,130.9,3.17,25.78,194,1,90.8,0,-,0,0
01-08-2025 13:10,Oven_3,B1007,181.7,52.51,54.76,122.5,3.28,23.58,190.94,1,92.4,0,-,0,0
01-08-2025 13:12,Oven_1,B1007,186.19,43.99,62.8,118.1,3.15,25.48,210.58,4,90.8,0,-,0,0
01-08-2025 13:14,Oven_1,B1007,183.51,42.85,66.41,129.5,2.91,23.23,199.27,3,91.6,0,-,0,0
01-08-2025 13:16,Mixer_1,B1007,170.81,45.59,59.33,116.9,2.98,21.78,185.36,0,92.2,0,-,0,0
01-08-2025 13:18,Mixer_1,B1007,181.29,42.72,55.13,117.8,0.98,21.81,193.84,2,94.8,0,-,0,0
01-08-2025 13:20,Mixer_1,B1008,191.39,52.95,56.29,116.3,3.1,23.01,204,1,92.2,0,-,0,0
01-08-2025 13:22,Oven_3,B1008,189.45,40.34,62.26,104.3,2.44,28.01,204.81,2,93.8,0,-,0,0
01-08-2025 13:24,Mixer_2,B1008,184.37,49.48,54.36,126.9,2.66,21.95,199.02,1,95.9,0,-,0,0
01-08-2025 13:26,Mixer_1,B1008,205.83,38.57,63.81,110.3,2.43,27.62,226.19,0,89.9,1,Oven_Temp_C,1,31.28
01-08-2025 13:28,Oven_2,B1008,190.05,48.44,63.67,115.5,1.77,20.49,218.01,0,95.6,0,-,0,0
01-08-2025 13:30,Oven_1,B1008,180.37,44.46,58.28,121.8,6.17,24.49,203.43,1,82.3,1,Mixer_Vibration_mms,1,46.49
01-08-2025 13:32,Oven_2,B1008,207.64,31.72,60.58,125.8,3,24.78,224.89,2,85,1,Oven_Temp_C,1,35.96
01-08-2025 13:34,Oven_2,B1008,206.31,44.97,61,119.5,3.45,23.55,222.61,0,87.8,1,Oven_Temp_C,1,32.47
01-08-2025 13:36,Oven_1,B1008,196.59,39.52,64.22,130.4,5.97,24.84,223.88,0,79.7,1,Mixer_Vibration_mms,1,53.53
01-08-2025 13:38,Oven_3,B1008,186.76,42.72,53.79,115.4,5.57,26.34,223,2,83.1,1,Mixer_Vibration_mms,1,40.12
01-08-2025 13:40,Oven_1,B1008,220.74,52.91,62.72,119.3,3.47,24.91,226.12,2,78.8,1,Oven_Temp_C,1,44.74
01-08-2025 13:42,Oven_2,B1008,181.17,55.73,56.5,108.2,2.07,27.08,187.3,1,95.2,0,-,0,0
01-08-2025 13:44,Oven_2,B1008,192.51,39.55,44.15,122.5,3.84,27.49,199.93,1,86.1,1,Dough_Moisture_%,1,38.33
01-08-2025 13:46,Mixer_1,B1008,212.11,52.4,58.41,122.9,2.63,25.64,243.76,0,88.7,1,Oven_Temp_C,1,34.97
01-08-2025 13:48,Mixer_1,B1008,183.74,45.6,57.14,119.9,2.07,25.61,192.61,2,96.8,0,-,0,0
01-08-2025 13:50,Oven_1,B1008,204.89,52.92,54.05,136.3,3.19,24.75,208.49,1,86.9,0,-,0,0
01-08-2025 13:52,Mixer_2,B1008,191.14,46.66,51.61,124.2,3.62,25.65,202.24,1,90.2,0,-,0,0
01-08-2025 13:54,Mixer_2,B1008,180.99,40.46,54.23,124.8,1.74,22.44,182.68,3,93,0,-,0,0
01-08-2025 13:56,Mixer_2,B1008,184.32,44.66,63.81,121.1,3.54,25.78,201.02,0,94,0,-,0,0
01-08-2025 13:58,Mixer_1,B1008,187.61,51.32,65.85,118.5,2.43,25.34,199.71,1,94.9,0,-,0,0
01-08-2025 14:00,Oven_3,B1009,194.68,49.84,60.6,127.7,3.49,22.99,205.13,0,91,0,-,0,0
01-08-2025 14:02,Mixer_2,B1009,181.09,45,62.74,128.8,2.37,29.61,191.15,1,95.6,0,-,0,0
01-08-2025 14:04,Oven_3,B1009,171.07,45.25,55.93,109.6,1.65,22.75,181.85,1,93,0,-,0,0
01-08-2025 14:06,Oven_2,B1009,182.76,44.42,57.69,128.4,2.9,22.98,191.66,1,95.9,0,-,0,0
01-08-2025 14:08,Oven_3,B1009,185.12,42.03,59.13,124.1,3.16,25.5,198.53,2,94.1,0,-,0,0
01-08-2025 14:10,Mixer_1,B1009,185.88,54.93,53.67,127.7,3.86,20.63,196.35,0,91,0,-,0,0
01-08-2025 14:12,Mixer_1,B1009,195.53,45.04,54.04,123.7,3.63,23.15,202.54,0,90.5,0,-,0,0
01-08-2025 14:14,Mixer_1,B1009,187.53,39.19,58.39,110,3.02,21.54,205.83,1,94.4,0,-,0,0
01-08-2025 14:16,Oven_1,B1009,191.5,42.55,56.72,110.6,2.46,22.76,205.66,0,96.7,0,-,0,0
01-08-2025 14:18,Mixer_1,B1009,176.19,48.73,53.75,134.6,2.29,24.59,188.7,1,94,0,-,0,0
01-08-2025 14:20,Mixer_1,B1009,191.94,48.3,59.55,122,2.42,25.59,196.64,3,93,0,-,0,0
01-08-2025 14:22,Oven_2,B1009,201.77,44.3,56.95,108.7,2.1,27.31,215.35,1,92.2,0,-,0,0
01-08-2025 14:24,Mixer_1,B1009,191.18,41.56,62.09,122.8,2.44,26.65,198.76,1,94.9,0,-,0,0
01-08-2025 14:26,Oven_2,B1009,187.03,45.12,57.98,117.1,1.07,27.48,206.3,0,98.9,0,-,0,0
01-08-2025 14:28,Mixer_1,B1009,186.23,36.4,56.8,105.3,2.71,26.17,205.24,0,97,0,-,0,0
01-08-2025 14:30,Oven_2,B1009,199.3,38.31,58.51,101.7,2.58,23.85,198.22,0,93.4,0,-,0,0
01-08-2025 14:32,Mixer_1,B1009,177.58,49.11,57.31,107.2,4.14,27.33,189.97,1,88.5,0,-,0,0
01-08-2025 14:34,Oven_1,B1009,184.11,42.54,55.33,122.2,3.06,23.81,196.06,1,95.1,0,-,0,0
01-08-2025 14:36,Oven_3,B1009,188.68,46.93,56.39,119.6,2.31,23.53,192.48,1,96.6,0,-,0,0
01-08-2025 14:38,Oven_2,B1009,190.95,51.26,61,118,2.94,28.24,194.73,0,94,0,-,0,0
01-08-2025 14:40,Mixer_2,B1010,181.5,48.34,60.59,122.3,1.86,26.61,192.86,1,96.2,0,-,0,0
01-08-2025 14:42,Oven_2,B1010,187.46,45.11,63.14,124.8,2.24,25.36,203.46,1,96.6,0,-,0,0
01-08-2025 14:44,Oven_2,B1010,182.78,55.94,51.23,103.2,1.48,26.53,190.95,0,95.7,0,-,0,0
01-08-2025 14:46,Mixer_1,B1010,185.96,48.43,56.43,117.6,3.46,26.81,196,0,94.6,0,-,0,0
01-08-2025 14:48,Oven_2,B1010,183.94,43.18,56.34,113.4,2.96,21.89,190.86,1,95.5,0,-,0,0
01-08-2025 14:50,Mixer_1,B1010,175.87,48.76,58.69,110.1,1.89,24.67,181.74,0,96,0,-,0,0
01-08-2025 14:52,Mixer_2,B1010,184.83,47.1,56.19,115.6,2.56,22.29,203.47,1,97.3,0,-,0,0
01-08-2025 14:54,Oven_3,B1010,192.02,40.6,55.95,119,3.17,25.15,186.02,0,93.7,0,-,0,0
01-08-2025 14:56,Oven_3,B1010,177.26,45.38,61.13,117.9,2.9,23.4,187.2,0,94.6,0,-,0,0
01-08-2025 14:58,Mixer_1,B1010,183.07,44.15,58.71,108.4,2.83,27.86,198.31,1,96.1,0,-,0,0
01-08-2025 15:00,Oven_1,B1010,190.32,34.89,53.33,116.1,2.09,26.02,190.76,1,94.1,0,-,0,0
01-08-2025 15:02,Oven_1,B1010,176.44,44.11,63.34,136.1,2.22,23.09,196.36,2,92.9,0,-,0,0
01-08-2025 15:04,Mixer_1,B1010,186.46,43.54,61.99,111.6,2.66,24.84,203.51,1,96.4,0,-,0,0
01-08-2025 15:06,Oven_2,B1010,176.52,42.75,55.7,106.5,3.15,22.22,183.71,0,93.1,0,-,0,0
01-08-2025 15:08,Mixer_2,B1010,194.08,36.54,61.33,122.2,2.1,24.97,202.76,2,92.3,0,-,0,0
01-08-2025 15:10,Oven_1,B1010,203.5,43.18,55.06,124.8,1.93,26.08,200.79,2,90,0,-,0,0
01-08-2025 15:12,Oven_3,B1010,201.18,44.8,62.5,123.7,3.29,25.46,208.84,0,90,0,-,0,0
01-08-2025 15:14,Mixer_2,B1010,183.25,45.52,57.13,111,2.04,20.64,193.01,2,96,0,-,0,0
01-08-2025 15:16,Mixer_1,B1010,190.92,39.16,54.79,128,3.25,24.14,201.43,3,89.5,0,-,0,0
01-08-2025 15:18,Mixer_2,B1010,185.97,48.25,56.51,113.7,2.75,26,204.64,0,97.7,0,-,0,0
01-08-2025 15:20,Oven_3,B1011,185.82,38.75,54.94,110.9,3.13,25.55,198.67,1,94.2,0,-,0,0
01-08-2025 15:22,Mixer_1,B1011,197.38,43.85,58.77,115.1,3.65,27.42,211.54,1,89.2,0,-,0,0
01-08-2025 15:24,Oven_2,B1011,174.45,51.71,58.7,119.1,3.01,22.05,192.98,2,90.2,0,-,0,0
01-08-2025 15:26,Oven_2,B1011,193.44,41.44,58.14,125.7,3.07,26.03,194.81,2,91.7,0,-,0,0
01-08-2025 15:28,Oven_2,B1011,184.61,42.37,55.77,125,2.05,23.44,197.6,2,96.3,0,-,0,0
01-08-2025 15:30,Mixer_1,B1011,196.27,50.52,43.36,119.8,2.18,25.3,205.5,1,90.3,1,Dough_Moisture_%,1,30.18
01-08-2025 15:32,Oven_2,B1011,186.5,43.03,58.37,127.5,2.99,25.77,189.62,0,97,0,-,0,0
01-08-2025 15:34,Oven_2,B1011,179.62,43.47,50.42,120.7,3.52,26.39,201.94,1,90.5,0,-,0,0
01-08-2025 15:36,Mixer_2,B1011,187.22,46.14,58.98,127.2,3.44,23.61,198.2,1,93.7,0,-,0,0
01-08-2025 15:38,Mixer_2,B1011,190.89,50.39,62.52,108.8,3.99,25.28,200.48,1,88.8,0,-,0,0
01-08-2025 15:40,Oven_1,B1011,185.29,33.68,59.1,107.4,2.79,22.31,188.46,2,94,0,-,0,0
01-08-2025 15:42,Mixer_2,B1011,188.9,40.74,56.44,126.2,2.72,21.77,198.3,1,95,0,-,0,0
01-08-2025 15:44,Oven_3,B1011,180.83,39.83,57.28,108.9,3.2,26.1,194.87,0,94.6,0,-,0,0
01-08-2025 15:46,Oven_3,B1011,167.93,39.43,57.47,117.6,2.61,24.75,184.53,2,90.2,0,-,0,0
01-08-2025 15:48,Mixer_1,B1011,192.2,40.61,55.8,119.2,2.56,21.31,199.14,0,95.5,0,-,0,0
01-08-2025 15:50,Mixer_1,B1011,190.59,40.69,55.66,116.1,1.97,23,185.36,1,95.3,0,-,0,0
01-08-2025 15:52,Oven_2,B1011,186.19,46.55,60.78,116.4,3.19,24.92,204.62,1,94.7,0,-,0,0
01-08-2025 15:54,Mixer_1,B1011,185.55,45.09,62.75,131.1,1.96,28.29,192.53,1,96.9,0,-,0,0
01-08-2025 15:56,Oven_2,B1011,193.29,60.57,57.94,99.8,2.91,27.17,186.17,2,90.4,1,Chamber_Humidity_%,1,25.8
01-08-2025 15:58,Oven_3,B1011,204.34,47.06,61.83,127.1,1.75,26.63,220.81,1,90.5,0,-,0,0
01-08-2025 16:00,Oven_1,B1012,201.56,41.26,57,138.4,3.26,20.95,204.54,1,88.6,0,-,0,0
01-08-2025 16:02,Oven_1,B1012,183.49,68.41,58.29,120.2,1.98,24.66,198.58,2,93.4,1,Chamber_Humidity_%,1,17.05
01-08-2025 16:04,Oven_1,B1012,194.51,53.39,57.32,124.9,6.83,25.92,223.52,1,76.6,1,Mixer_Vibration_mms,1,55.14
01-08-2025 16:06,Oven_2,B1012,203.71,46.65,59.85,125.8,1.65,25.74,223.72,0,92.6,0,-,0,0
01-08-2025 16:08,Mixer_1,B1012,225.7,41.74,61.31,134.6,2.34,25.79,227.94,2,81.9,1,Oven_Temp_C,1,41.71
01-08-2025 16:10,Oven_1,B1012,179.89,44.67,58.96,120.4,7.08,24.36,223.4,0,79.5,1,Mixer_Vibration_mms,1,53.97
01-08-2025 16:12,Mixer_1,B1012,176.19,40.31,64.09,120.7,2.12,28.74,196.27,2,91.7,0,-,0,0
01-08-2025 16:14,Oven_2,B1012,216.07,46.39,54.88,118.5,2.64,28.12,232.69,1,85.9,1,Oven_Temp_C,1,33.58
01-08-2025 16:16,Mixer_2,B1012,184.22,49.41,64.64,124.5,2.31,24.67,190.15,1,96.2,0,-,0,0
01-08-2025 16:18,Oven_1,B1012,174.6,40.81,56.88,121.3,1.21,22.72,193.76,2,92.7,0,-,0,0
01-08-2025 16:20,Oven_1,B1012,182.13,43.93,56.84,125.3,2.78,29.39,191.33,2,94.3,0,-,0,0
01-08-2025 16:22,Oven_2,B1012,192.45,50.69,63.86,116.6,2.86,23.66,202.88,0,93.4,0,-,0,0
01-08-2025 16:24,Mixer_1,B1012,194.54,42.46,62.35,120.4,1.94,27.5,206.62,2,92.4,0,-,0,0
01-08-2025 16:26,Mixer_1,B1012,181.58,45.96,60.14,114.6,2.94,29.07,185.79,2,93.3,0,-,0,0
01-08-2025 16:28,Oven_1,B1012,188.25,39.77,56.4,114.7,2.12,22.8,189.7,2,94.9,0,-,0,0
01-08-2025 16:30,Oven_1,B1012,190.71,40.82,67.41,118.9,2,25.51,192.46,1,93.7,0,-,0,0
01-08-2025 16:32,Mixer_1,B1012,179.84,42.38,59.57,118.9,2.6,24.11,183.9,0,96.9,0,-,0,0
01-08-2025 16:34,Mixer_2,B1012,187.84,55.88,60.19,110.6,2.19,26,192.7,0,96.7,0,-,0,0
01-08-2025 16:36,Oven_2,B1012,184.74,42.95,57.32,132.6,3.98,25.58,192.08,2,91,0,-,0,0
01-08-2025 16:38,Oven_1,B1012,180.71,42.35,52.34,118.9,1.67,29.15,186.75,1,94.9,0,-,0,0
01-08-2025 16:40,Mixer_1,B1013,181.06,42.18,52.66,108.9,3.04,26.17,193.8,0,94.5,0,-,0,0
01-08-2025 16:42,Mixer_2,B1013,185.54,44.17,59.63,128.8,3.19,24.85,200.81,1,95.3,0,-,0,0
01-08-2025 16:44,Mixer_1,B1013,185.24,48.28,59.57,114,1.41,27.35,188.7,0,98.7,0,-,0,0
01-08-2025 16:46,Mixer_1,B1013,180.48,45.95,57.04,124.1,1.56,24.27,190.6,0,97.9,0,-,0,0
01-08-2025 16:48,Mixer_1,B1013,181.59,55.29,53.31,119.9,2.94,24.07,194.02,0,94.2,0,-,0,0
01-08-2025 16:50,Mixer_1,B1013,193.91,46.07,52.23,122,2.31,29.79,201.9,2,92.2,0,-,0,0
01-08-2025 16:52,Oven_3,B1013,186.71,52.24,56.69,121.4,2.83,23.07,192.36,1,95.2,0,-,0,0
01-08-2025 16:54,Oven_1,B1013,192.08,46.38,52.18,115.4,3.28,23.8,203.95,4,87.7,0,-,0,0
01-08-2025 16:56,Oven_1,B1013,194.61,48.03,61.6,120.3,2.38,24.97,206.63,0,95.3,0,-,0,0
01-08-2025 16:58,Mixer_2,B1013,189.71,37.78,62.61,136.3,1.96,22.55,203.87,0,95.7,0,-,0,0
01-08-2025 17:00,Oven_2,B1013,203.17,44.36,69.32,102.1,0.96,20.23,200.91,0,90,1,Dough_Moisture_%,1,30.67
01-08-2025 17:02,Mixer_1,B1013,178.4,44.66,61.51,120.5,2.72,27.19,205.45,2,93.1,0,-,0,0
01-08-2025 17:04,Oven_1,B1013,191.47,43.79,55.63,123.5,2.04,23.14,209.9,0,96.7,0,-,0,0
01-08-2025 17:06,Oven_3,B1013,182.45,34.24,54.51,111.6,2.79,23.68,190.87,0,95.3,0,-,0,0
01-08-2025 17:08,Oven_1,B1013,199.85,49.4,44.19,109,2.74,24.05,201.97,1,88.4,1,Dough_Moisture_%,1,31.88
01-08-2025 17:10,Mixer_2,B1013,198.6,43.06,55.62,137.3,1.77,22.71,211.99,1,92.8,0,-,0,0
01-08-2025 17:12,Mixer_1,B1013,169.37,42.81,57.29,117,3.63,22.51,181.47,0,89.1,0,-,0,0
01-08-2025 17:14,Mixer_2,B1013,177.25,43.72,61.87,136.6,3.25,25.22,196.43,2,90.7,0,-,0,0
01-08-2025 17:16,Mixer_2,B1013,190.31,43.86,60.45,124.3,3.11,30.15,201.99,1,92.9,0,-,0,0
01-08-2025 17:18,Mixer_2,B1013,191.32,47.04,60.35,120.6,1.89,26.49,196.14,0,96.7,0,-,0,0
01-08-2025 17:20,Oven_2,B1014,190.89,38.64,58.85,123.8,2.36,26.51,199.13,1,95.3,0,-,0,0
01-08-2025 17:22,Oven_1,B1014,184.43,40.34,60.64,125.1,2.27,21.56,185.7,2,95.5,0,-,0,0
01-08-2025 17:24,Mixer_1,B1014,188.64,46.45,63.79,129.4,2.35,24.82,196.02,0,97,0,-,0,0
01-08-2025 17:26,Oven_2,B1014,190.22,45.73,53.74,123.5,1.93,22.27,186.44,0,96.6,0,-,0,0
01-08-2025 17:28,Mixer_2,B1014,184.38,43.12,56.17,121.2,2.86,26.57,210.31,1,96.2,0,-,0,0
01-08-2025 17:30,Mixer_1,B1014,193.22,42.13,52.45,121.4,2.74,24.37,209.68,0,94.3,0,-,0,0
01-08-2025 17:32,Oven_1,B1014,166.92,40.83,64.47,130.8,2.82,24.95,194.92,0,90.1,0,-,0,0
01-08-2025 17:34,Oven_2,B1014,190.07,44.71,63.19,126.5,2.3,24.68,201.46,3,93.2,0,-,0,0
01-08-2025 17:36,Mixer_2,B1014,176.73,50.9,61.01,112,3.37,23.59,196.12,3,88.2,0,-,0,0
01-08-2025 17:38,Oven_3,B1014,192.67,39.71,53.21,114.9,2.71,21.52,206.05,2,91.6,0,-,0,0
01-08-2025 17:40,Mixer_1,B1014,183.17,52.62,58.69,122.6,0.96,26.15,202.06,1,96.7,0,-,0,0
01-08-2025 17:42,Mixer_1,B1014,177.89,49.22,57.06,115,2.22,21.83,195.93,1,95,0,-,0,0
01-08-2025 17:44,Mixer_2,B1014,187.99,42.74,58.32,117,2.57,22.27,190.92,1,96.7,0,-,0,0
01-08-2025 17:46,Oven_2,B1014,177.71,48.92,57.25,112.4,3.18,24.22,193.52,2,91.4,0,-,0,0
01-08-2025 17:48,Mixer_2,B1014,177.7,37.67,60.08,117.9,2.42,23.32,188.04,1,94.4,0,-,0,0
01-08-2025 17:50,Oven_3,B1014,172.46,36.34,56.42,123.4,2.45,25.45,182.8,1,92.7,0,-,0,0
01-08-2025 17:52,Oven_3,B1014,184.79,38.55,61.42,128,2.2,27.09,191.01,1,96.6,0,-,0,0
01-08-2025 17:54,Mixer_2,B1014,188.97,42.95,58.97,120.1,3,25.42,201.11,2,93.6,0,-,0,0
01-08-2025 17:56,Mixer_2,B1014,193.18,43.37,56.83,136.6,2.33,25.3,209.12,1,95.4,0,-,0,0
01-08-2025 17:58,Oven_1,B1014,183.87,42.42,57.55,119.4,2.24,24.92,187.25,1,97.9,0,-,0,0
01-08-2025 18:00,Oven_2,B1015,193.38,45.5,56.24,145.5,2.15,26.76,215.03,1,95.1,0,-,0,0
01-08-2025 18:02,Mixer_1,B1015,185.14,34.32,61.26,128,2.93,20.81,204.36,1,94,0,-,0,0
01-08-2025 18:04,Mixer_2,B1015,184.25,47.48,56.91,124,2.28,25.68,194.23,0,99,0,-,0,0
01-08-2025 18:06,Mixer_2,B1015,189.59,37.9,59.18,116,1.59,22.82,194.57,2,94.3,0,-,0,0
01-08-2025 18:08,Mixer_2,B1015,193.47,41.7,56.43,97.4,2.97,22.16,196.54,1,92.6,0,-,0,0
01-08-2025 18:10,Oven_1,B1015,182.27,42.94,52.06,118.8,2.18,24.88,200.36,1,96,0,-,0,0
01-08-2025 18:12,Oven_1,B1015,183.05,39.22,61.62,121.4,2.81,24.02,192.58,1,94.9,0,-,0,0
01-08-2025 18:14,Oven_1,B1015,183.71,38.15,53.77,135.4,2.82,26.15,191.13,1,94.8,0,-,0,0
01-08-2025 18:16,Mixer_1,B1015,185.66,39.97,60.72,109,3.32,27.29,198.18,0,94.7,0,-,0,0
01-08-2025 18:18,Mixer_2,B1015,177.8,44.94,59.68,135.2,3.23,19.75,179.54,1,92.2,0,-,0,0
01-08-2025 18:20,Oven_2,B1015,193.22,47.95,51.38,118,2.25,24.71,201.17,3,91.4,0,-,0,0
01-08-2025 18:22,Oven_1,B1015,181.8,47.82,54.22,125.8,2.5,29.18,203.72,1,95.7,0,-,0,0
01-08-2025 18:24,Oven_2,B1015,188.7,40.03,55.94,99.7,1.83,26.78,198.3,0,97.2,0,-,0,0
01-08-2025 18:26,Mixer_2,B1015,178.4,41.04,54.72,121.1,3.61,28.05,198.56,1,90.2,0,-,0,0
01-08-2025 18:28,Oven_1,B1015,187.87,40.4,53.27,117.3,2.86,25.09,200.4,1,94.4,0,-,0,0
01-08-2025 18:30,Mixer_2,B1015,188.13,47.25,60.96,125.5,3.44,21.71,201.58,0,93.6,0,-,0,0
01-08-2025 18:32,Oven_3,B1015,181.63,34.81,57.04,120.7,2.41,22.4,194.22,1,95.5,0,-,0,0
01-08-2025 18:34,Oven_1,B1015,201.17,51.19,59.54,110.9,1.37,26.44,199.54,0,92.8,0,-,0,0
01-08-2025 18:36,Mixer_1,B1015,187.97,42.58,56.28,127.6,3.52,26.98,198.14,3,90.2,0,-,0,0
01-08-2025 18:38,Mixer_2,B1015,199.22,41.08,59.22,125.6,2.66,23.26,203.5,1,92,0,-,0,0
01-08-2025 18:40,Oven_3,B1016,192.67,46.7,55,124.8,2.68,24.28,208.21,2,93.1,0,-,0,0
01-08-2025 18:42,Mixer_1,B1016,179.7,50.16,57.89,128.1,2.63,25.45,204.14,0,96.7,0,-,0,0
01-08-2025 18:44,Mixer_2,B1016,181.94,46.71,60.33,128.8,2.99,21.02,196.46,1,94.3,0,-,0,0
01-08-2025 18:46,Mixer_2,B1016,188.49,50.26,58.18,119.8,2.92,24.1,193.17,0,96.1,0,-,0,0
01-08-2025 18:48,Oven_3,B1016,185.49,45.67,56.17,109.1,1.65,28.43,192.11,1,97.6,0,-,0,0
01-08-2025 18:50,Mixer_1,B1016,185.4,51.15,53.65,108.9,3.25,29.68,195.78,2,91.7,0,-,0,0
01-08-2025 18:52,Mixer_1,B1016,182.71,51.23,58.67,130.8,2.28,24.63,204.37,0,98,0,-,0,0
01-08-2025 18:54,Oven_3,B1016,170.53,44.5,59.38,125.7,2.32,28.9,192.44,1,92.7,0,-,0,0
01-08-2025 18:56,Mixer_1,B1016,183.2,52.2,56.97,120.8,3.64,23.72,194.41,2,90.9,0,-,0,0
01-08-2025 18:58,Mixer_1,B1016,167.26,45.82,54.92,116.5,3.15,23.09,180.62,1,88.8,0,-,0,0
01-08-2025 19:00,Oven_2,B1016,187.97,45.43,60.17,120.3,2.4,19.95,201.09,4,92.8,0,-,0,0
01-08-2025 19:02,Oven_1,B1016,179.19,40.39,67.93,120.2,1.49,26.98,195.51,2,92.1,0,-,0,0
01-08-2025 19:04,Mixer_2,B1016,179.28,43.56,56.79,117.3,2.7,24.05,191.99,2,94.1,0,-,0,0
01-08-2025 19:06,Mixer_1,B1016,183.25,48.89,59.35,114.4,2.92,30.02,197.14,1,94.8,0,-,0,0
01-08-2025 19:08,Oven_3,B1016,187.18,38.44,59.51,137.3,2.55,25.6,209.79,4,92.8,0,-,0,0
01-08-2025 19:10,Mixer_1,B1016,173.54,48.25,47.73,121.8,1.85,25.29,189.22,0,92.9,1,Dough_Moisture_%,1,22.85
01-08-2025 19:12,Mixer_2,B1016,171.01,46.74,58.5,115.2,2.13,20.9,196.36,0,94.1,0,-,0,0
01-08-2025 19:14,Mixer_1,B1016,176.47,46.39,55.17,109.6,1.85,28.17,198.93,3,92,0,-,0,0
01-08-2025 19:16,Oven_1,B1016,168.67,33.97,63.54,114.2,2.73,24.07,186.41,2,87.8,0,-,0,0
01-08-2025 19:18,Mixer_1,B1016,177.27,44.48,56.98,125.8,3.09,24.52,197.7,2,92.1,0,-,0,0
01-08-2025 19:20,Oven_1,B1017,197.73,48.24,54.89,126.1,3.22,20.02,201.14,1,89.5,0,-,0,0
01-08-2025 19:22,Oven_1,B1017,176.55,41.19,57.13,118.3,2.16,26.91,187.09,1,94.8,0,-,0,0
01-08-2025 19:24,Mixer_2,B1017,190.21,45.45,58.67,120.4,2.74,27.05,198.28,1,95.5,0,-,0,0
01-08-2025 19:26,Oven_1,B1017,174.03,33.11,55.76,117.6,2.93,23.54,183.79,1,90.7,0,-,0,0
01-08-2025 19:28,Mixer_1,B1017,187.39,48.36,57.79,111.1,2.29,25.08,199.5,3,95,0,-,0,0
01-08-2025 19:30,Oven_3,B1017,182.44,41.69,52.58,130.4,2.51,25.74,196.38,1,95.9,0,-,0,0
01-08-2025 19:32,Oven_3,B1017,184.52,49.36,57.1,123,3.87,26.99,200.45,0,93.2,0,-,0,0
01-08-2025 19:34,Oven_3,B1017,189.55,35.79,61.1,139.8,2.72,25.1,206.03,0,95.3,0,-,0,0
01-08-2025 19:36,Mixer_1,B1017,199.05,48.46,65.88,114,3.13,28.66,185.9,0,89.5,0,-,0,0
01-08-2025 19:38,Oven_1,B1017,186.56,43.82,60.83,118.9,2.34,24.34,198.48,0,98.5,0,-,0,0
01-08-2025 19:40,Mixer_1,B1017,185.99,49.04,59.09,127.1,2.63,23.54,186.15,1,96.9,0,-,0,0
01-08-2025 19:42,Mixer_1,B1017,177.21,40.37,62.74,118,1.57,23.85,192.17,1,94,0,-,0,0
01-08-2025 19:44,Mixer_1,B1017,189.67,41.91,62.08,108.9,2.58,19.29,189.84,2,93.3,0,-,0,0
01-08-2025 19:46,Oven_2,B1017,183.03,56.21,64.66,112.4,3.32,23.1,194.02,2,90,0,-,0,0
01-08-2025 19:48,Mixer_1,B1017,191.66,40.85,62.33,120.8,3.86,27.09,208.94,2,87.8,0,-,0,0
01-08-2025 19:50,Mixer_1,B1017,184.65,41.47,57.53,122.7,3.32,25.46,186.22,2,93.5,0,-,0,0
01-08-2025 19:52,Oven_3,B1017,198.93,43.62,59.03,119.2,3.01,23.08,204.09,2,89.9,0,-,0,0
01-08-2025 19:54,Oven_1,B1017,169.14,39.89,58.72,128,2.63,25.65,188.18,3,89.3,0,-,0,0
01-08-2025 19:56,Mixer_1,B1017,182.63,50.95,59.21,127.9,2.24,20.44,182.62,1,96.1,0,-,0,0
01-08-2025 19:58,Oven_2,B1017,192.05,53.63,58.8,122.6,2.5,24.25,203.93,1,94.7,0,-,0,0
01-08-2025 20:00,Oven_1,B1018,182.19,41.48,54.87,120.2,2.97,26.03,195.25,2,93.3,0,-,0,0
01-08-2025 20:02,Oven_2,B1018,178.66,36.37,49.59,118,2.13,26.41,189.94,0,94.2,0,-,0,0
01-08-2025 20:04,Oven_1,B1018,182.87,50.86,55.31,124.4,3.16,23.18,190.45,0,94.8,0,-,0,0
01-08-2025 20:06,Oven_2,B1018,173.96,50.54,49.9,127.4,2.01,26.89,210.99,1,91.8,0,-,0,0
01-08-2025 20:08,Oven_2,B1018,185.95,49.11,58.27,120.5,1.53,28.99,195.97,3,94.8,0,-,0,0
01-08-2025 20:10,Oven_2,B1018,204.52,50.78,58.02,123.6,1.99,23.94,196.09,1,90.9,0,-,0,0
01-08-2025 20:12,Oven_1,B1018,194.16,40.66,61.34,117.4,1.6,26.51,195.9,2,92.7,0,-,0,0
01-08-2025 20:14,Mixer_2,B1018,176.13,44.16,60.75,107.6,5.35,21.45,201.07,1,82.9,1,Mixer_Vibration_mms,1,45.91
01-08-2025 20:16,Oven_3,B1018,189.49,38.08,61.47,112,3.28,20.56,202.4,1,91.5,0,-,0,0
01-08-2025 20:18,Mixer_1,B1018,181.76,37.91,58.38,135.6,6.03,26.23,211.1,1,82.2,1,Mixer_Vibration_mms,1,46.65
01-08-2025 20:20,Mixer_1,B1018,193.04,49.91,55.15,123.6,2.73,24.98,194.71,1,93.6,0,-,0,0
01-08-2025 20:22,Mixer_1,B1018,178.43,41.64,65.49,132.7,3.29,13.97,205.59,1,89.3,1,Conveyor_Speed_mpm,1,33.47
01-08-2025 20:24,Oven_3,B1018,179.48,56.4,53.18,133.7,6.95,23.6,210.88,2,74.7,1,Mixer_Vibration_mms,1,56.09
01-08-2025 20:26,Oven_3,B1018,192.08,45.37,75.06,126.9,2.3,24.24,192.4,1,91.9,1,Dough_Moisture_%,1,24.32
01-08-2025 20:28,Mixer_1,B1018,210.86,41.8,59.76,130.6,3.4,26.67,220.89,2,83.8,1,Oven_Temp_C,1,35.85
01-08-2025 20:30,Oven_3,B1018,182.01,48.99,59.67,128,2.83,28.66,194.62,2,93.7,0,-,0,0
01-08-2025 20:32,Mixer_1,B1018,176.06,54.01,61.74,115.1,2.6,24.41,195.5,2,91.7,0,-,0,0
01-08-2025 20:34,Oven_2,B1018,172.6,47.43,55.12,118.5,2.87,21.25,190.56,0,92.6,0,-,0,0
01-08-2025 20:36,Oven_1,B1018,179.41,38.91,55.63,121,1.74,27.69,192.25,3,92.5,0,-,0,0
01-08-2025 20:38,Oven_3,B1018,167.16,46.86,54.69,112.1,2.13,26.21,185.99,2,90.1,0,-,0,0
01-08-2025 20:40,Mixer_1,B1019,191,51.88,54.98,123.8,2.54,26.39,201.75,2,93.4,0,-,0,0
01-08-2025 20:42,Oven_1,B1019,179.96,42.53,57.61,128.2,2.97,25.29,206.71,2,93.5,0,-,0,0
01-08-2025 20:44,Oven_2,B1019,188.85,41.13,52.19,116.2,2.38,30,196.1,1,94.7,0,-,0,0
01-08-2025 20:46,Mixer_1,B1019,199.95,50.08,53.82,135.8,2.52,25.05,209.09,1,91.7,0,-,0,0
01-08-2025 20:48,Mixer_1,B1019,194.38,45.7,60.31,117.7,3.18,26.02,205.8,0,93.2,0,-,0,0
01-08-2025 20:50,Oven_1,B1019,175.79,39.49,57.72,118.4,3.45,20.81,183.5,1,90.3,0,-,0,0
01-08-2025 20:52,Oven_3,B1019,191.95,43.1,59.53,118.1,3.06,23.61,200.33,2,92,0,-,0,0
01-08-2025 20:54,Mixer_2,B1019,194.26,41.22,50.44,114.3,3.36,23.38,200.9,2,88.2,0,-,0,0
01-08-2025 20:56,Mixer_2,B1019,179.03,46.48,54.86,123.3,2.36,24.82,190.38,1,95.7,0,-,0,0
01-08-2025 20:58,Mixer_2,B1019,177.37,45.55,55.78,120.2,2.42,25.65,195.64,2,94.2,0,-,0,0
01-08-2025 21:00,Mixer_2,B1019,184.12,50.75,58.13,133.3,2.79,23.24,202.73,2,95,0,-,0,0
01-08-2025 21:02,Mixer_2,B1019,172.19,48.55,55.65,124.9,2.42,28.7,197.95,2,91.4,0,-,0,0
01-08-2025 21:04,Oven_2,B1019,196.77,37.18,61.73,124.3,2.3,22.54,201,0,93.4,0,-,0,0
01-08-2025 21:06,Mixer_2,B1019,165.76,47.03,57.77,118.2,3.59,23.9,186.05,1,87.2,0,-,0,0
01-08-2025 21:08,Oven_1,B1019,176.15,49.48,58.07,108.7,2.48,25.41,204.19,3,92.5,0,-,0,0
01-08-2025 21:10,Mixer_1,B1019,182.84,47.28,58.05,119.3,2.02,22.13,187.11,2,96.1,0,-,0,0
01-08-2025 21:12,Mixer_2,B1019,183.18,50.15,60.83,113.2,2.89,26.14,196.12,4,91.3,0,-,0,0
01-08-2025 21:14,Mixer_1,B1019,186.33,42.25,56.11,127.6,3.7,26.28,203.65,1,92.5,0,-,0,0
01-08-2025 21:16,Oven_3,B1019,187.17,40.25,62.49,119.8,2.65,24.24,197.91,0,96.7,0,-,0,0
01-08-2025 21:18,Oven_2,B1019,183.29,49.65,59.84,133.3,3.34,29.09,202.38,1,93.1,0,-,0,0
01-08-2025 21:20,Oven_1,B1020,194.1,39.67,58.62,125.9,2.34,25.07,202.92,3,92.3,0,-,0,0
01-08-2025 21:22,Oven_3,B1020,167.88,34.2,58.17,126.7,2.31,25.51,192.26,0,92.3,0,-,0,0
01-08-2025 21:24,Mixer_1,B1020,185,50.13,60.08,121.8,2.19,22.77,203.18,2,96,0,-,0,0
01-08-2025 21:26,Oven_2,B1020,179.28,41.38,62.06,121.7,2.51,21.2,190.36,0,95.8,0,-,0,0
01-08-2025 21:28,Mixer_1,B1020,186.06,43.47,61.78,125.2,3.7,23.5,197.94,1,92.2,0,-,0,0
01-08-2025 21:30,Oven_3,B1020,186.77,38.01,59.5,127.4,1.91,24.18,197.35,1,96.6,0,-,0,0
01-08-2025 21:32,Oven_2,B1020,177.71,38.37,61.51,114.3,3.58,23.88,188.59,3,87.5,0,-,0,0
01-08-2025 21:34,Mixer_2,B1020,179.87,39.22,58.47,123.9,1.99,26.58,194.32,1,95.8,0,-,0,0
01-08-2025 21:36,Oven_1,B1020,191.34,43.2,63.01,141,2.46,19.63,193.22,1,94.3,0,-,0,0
01-08-2025 21:38,Mixer_2,B1020,187.79,46.85,57.89,119.3,3.1,22.39,201.02,0,95.9,0,-,0,0
01-08-2025 21:40,Mixer_2,B1020,179.56,33.51,49.7,118,2.98,20.87,201.47,3,88.2,0,-,0,0
01-08-2025 21:42,Oven_2,B1020,201.32,48.76,63.35,114.5,2.77,27.84,215.82,2,88.5,0,-,0,0
01-08-2025 21:44,Oven_3,B1020,203.47,39.09,58.43,108.4,1.61,23.64,212.03,1,91.1,0,-,0,0
01-08-2025 21:46,Oven_1,B1020,173.3,39.67,53.32,129.5,2.82,23.75,184.57,0,92.5,0,-,0,0
01-08-2025 21:48,Oven_1,B1020,187.41,48.39,57.21,120.5,1.99,22.46,205.64,1,96.9,0,-,0,0
01-08-2025 21:50,Oven_2,B1020,205.07,44.63,54.46,122.4,4.14,26.87,203.93,1,84,1,Oven_Temp_C,1,39.73
01-08-2025 21:52,Mixer_2,B1020,191.27,37.32,66.4,134.8,2.47,23.98,200.64,2,92,0,-,0,0
01-08-2025 21:54,Oven_1,B1020,186.77,54.22,59.99,140.1,2.71,25.38,210.76,2,94.2,0,-,0,0
01-08-2025 21:56,Oven_2,B1020,183.34,40.7,51.73,112.9,1.91,20.41,186.11,0,96.5,0,-,0,0
01-08-2025 21:58,Mixer_1,B1020,180.67,46.24,60.18,128.4,2.31,27.47,200.82,1,96.2,0,-,0,0
01-08-2025 22:00,Oven_2,B1021,183.3,46,56.41,125,1.83,25.76,197.8,2,96.3,0,-,0,0
01-08-2025 22:02,Mixer_2,B1021,180.59,52.06,65.67,123.2,3.19,26.1,193.64,0,92.6,0,-,0,0
01-08-2025 22:04,Mixer_1,B1021,190.96,42.72,53.79,123.8,2.44,27.61,195.68,2,93.7,0,-,0,0
01-08-2025 22:06,Mixer_2,B1021,181.81,50.04,49.01,119.8,2.94,24.46,196.7,2,91.7,0,-,0,0
01-08-2025 22:08,Mixer_1,B1021,181.47,41.29,58.26,132.7,2.19,24.52,192.76,1,96.9,0,-,0,0
01-08-2025 22:10,Oven_3,B1021,175.38,50.61,56.61,124.9,2.3,26.47,198.31,2,92.8,0,-,0,0
01-08-2025 22:12,Oven_1,B1021,184.6,41.19,56.33,122.8,3.37,25.83,203.94,1,94.1,0,-,0,0
01-08-2025 22:14,Oven_1,B1021,177.85,43.19,49.44,130,2.02,24.35,184.88,0,95,0,-,0,0
01-08-2025 22:16,Mixer_2,B1021,183.55,54.48,59.71,127.2,1.52,24.99,193.18,1,96.4,0,-,0,0
01-08-2025 22:18,Oven_2,B1021,193.33,46.58,64.69,123.7,2.84,23.78,198.78,2,91.2,0,-,0,0
01-08-2025 22:20,Mixer_2,B1021,187.93,45.55,50.36,122.6,1.92,26.47,191.57,1,95.6,0,-,0,0
01-08-2025 22:22,Mixer_1,B1021,189.04,56.21,62.68,134.1,2.34,26.95,194.13,3,91.8,0,-,0,0
01-08-2025 22:24,Oven_2,B1021,187.85,46.81,55.73,124.1,3.15,24.9,198.7,1,94.4,0,-,0,0
01-08-2025 22:26,Oven_2,B1021,185.47,40.92,67.4,119.3,2.11,29.03,196.69,0,96.3,0,-,0,0
01-08-2025 22:28,Oven_3,B1021,183.98,48.67,59.74,113.2,3.13,21.5,183.46,0,95.6,0,-,0,0
01-08-2025 22:30,Mixer_1,B1021,182.54,39.09,57.25,117.3,2.19,24.38,190.99,1,96.8,0,-,0,0
01-08-2025 22:32,Oven_1,B1021,191.07,50.64,62.42,111.6,3.49,28.66,203.06,1,90.2,0,-,0,0
01-08-2025 22:34,Oven_2,B1021,176.33,51.03,60.1,120.9,3.4,23.96,183.83,1,90.6,0,-,0,0
01-08-2025 22:36,Oven_2,B1021,195.73,42.14,55.63,122.1,2.32,21.37,195.3,2,92.3,0,-,0,0
01-08-2025 22:38,Mixer_1,B1021,185.27,41.86,60.84,103.6,2.47,27.97,205.05,2,95.9,0,-,0,0
01-08-2025 22:40,Oven_2,B1022,179.01,45.88,55.96,120.2,2.1,26.1,201.22,1,95.9,0,-,0,0
01-08-2025 22:42,Mixer_1,B1022,181.09,45.07,50.85,125.2,2.72,22.26,183.8,2,93.1,0,-,0,0
01-08-2025 22:44,Mixer_1,B1022,179.58,40.11,66.13,121.4,3.29,26.6,185.87,3,88.3,0,-,0,0
01-08-2025 22:46,Oven_3,B1022,186.28,47.84,56.6,112.4,1.73,22.64,197.26,1,97.2,0,-,0,0
01-08-2025 22:48,Mixer_1,B1022,179.26,34.79,55.56,130.2,3.15,21.94,185.84,3,89.2,0,-,0,0
01-08-2025 22:50,Oven_1,B1022,194.14,42.84,59.35,114.5,1.81,24.56,198.82,4,91.3,0,-,0,0
01-08-2025 22:52,Mixer_2,B1022,178.75,42.98,51.76,110.2,2.08,23.83,188.36,2,93.4,0,-,0,0
01-08-2025 22:54,Mixer_2,B1022,166.82,43.63,52.59,111.4,1.53,22.47,187.47,0,91.7,0,-,0,0
01-08-2025 22:56,Oven_2,B1022,179.15,46.54,56,119.9,3.86,24.09,177.39,0,91.6,0,-,0,0
01-08-2025 22:58,Mixer_2,B1022,168.93,38.86,55.92,127.9,2.64,22.68,174.12,1,90.8,0,-,0,0
01-08-2025 23:00,Oven_1,B1022,184.68,47.94,58.29,129.3,2.75,25.03,189.75,0,98.4,0,-,0,0
01-08-2025 23:02,Oven_2,B1022,193.47,44.1,62.49,121.7,2.19,24.84,207.03,5,89.8,0,-,0,0
01-08-2025 23:04,Mixer_2,B1022,190.18,41.75,56.1,110.5,3.24,26.54,197.55,2,91.6,0,-,0,0
01-08-2025 23:06,Oven_2,B1022,174.3,38.17,59.97,114.8,1.34,23.89,178.94,0,94.6,0,-,0,0
01-08-2025 23:08,Oven_2,B1022,178.9,39.08,60.41,112.8,2.62,21.96,193.68,3,91.9,0,-,0,0
01-08-2025 23:10,Oven_1,B1022,199.23,46.8,53.66,118.6,3.92,21.99,206.85,1,86.3,0,-,0,0
01-08-2025 23:12,Oven_2,B1022,187.55,40.18,58.91,105.8,2.37,24.35,194.12,0,98.1,0,-,0,0
01-08-2025 23:14,Oven_1,B1022,185.03,45.32,54.23,120.9,2.61,28.28,195.61,0,98.1,0,-,0,0
01-08-2025 23:16,Mixer_2,B1022,193.45,50.31,62.26,125.2,3,26.77,204.75,2,90.5,0,-,0,0
01-08-2025 23:18,Oven_1,B1022,204.62,50.16,59.82,118.8,2.11,23.48,213.45,0,91.7,0,-,0,0
01-08-2025 23:20,Oven_1,B1023,195.37,52.8,58.07,123.7,2.61,26.97,204,1,93.2,0,-,0,0
01-08-2025 23:22,Mixer_2,B1023,186.12,43.52,52.64,112.5,3.18,22.34,198,0,94.9,0,-,0,0
01-08-2025 23:24,Oven_2,B1023,187.84,39.57,58.46,108.4,2.72,27.13,196.88,1,95.7,0,-,0,0
01-08-2025 23:26,Oven_1,B1023,189.94,50.1,54.93,114.9,2.82,24.05,195.59,1,94.1,0,-,0,0
01-08-2025 23:28,Mixer_2,B1023,180.1,46.55,60.82,129.3,2.39,26.59,189.71,3,93.5,0,-,0,0
01-08-2025 23:30,Oven_1,B1023,176.53,50.62,57.52,128.2,2.79,26.27,194.53,0,94.7,0,-,0,0
01-08-2025 23:32,Mixer_2,B1023,185.42,45.06,54.75,116.4,2.63,24.28,193.86,1,97.2,0,-,0,0
01-08-2025 23:34,Mixer_2,B1023,177.42,50.98,61.7,129.6,3.47,25.62,191.92,0,91.5,0,-,0,0
01-08-2025 23:36,Oven_1,B1023,184.51,49.23,60.89,117.4,3.03,22.54,200.16,0,96,0,-,0,0
01-08-2025 23:38,Mixer_2,B1023,185.77,48.58,55.63,132.1,2.45,24.73,200.85,0,98.6,0,-,0,0
01-08-2025 23:40,Mixer_1,B1023,203.73,47.52,62.65,123.9,1.13,27.29,213.05,0,91.6,0,-,0,0
01-08-2025 23:42,Oven_1,B1023,178.19,46.99,56.81,116.4,3.03,33.94,186.09,0,93.6,1,Conveyor_Speed_mpm,1,30.65
01-08-2025 23:44,Oven_3,B1023,184.03,46.17,56.76,126.4,3.05,26.45,200.31,0,96.7,0,-,0,0
01-08-2025 23:46,Oven_2,B1023,183.69,46.13,58.5,113.8,2.05,25.09,191.18,1,98,0,-,0,0
01-08-2025 23:48,Oven_2,B1023,188.5,49.95,54.99,112.5,1.4,22.66,191.39,2,94.5,0,-,0,0
01-08-2025 23:50,Oven_2,B1023,193.37,42.44,56.23,108.4,1.91,27.23,195.14,3,92.3,0,-,0,0
01-08-2025 23:52,Oven_2,B1023,181.08,53.68,57.36,122.1,3.16,21.24,200.01,2,91.6,0,-,0,0
01-08-2025 23:54,Oven_2,B1023,178.43,44.47,64.12,119.6,1.96,23.13,196.7,0,95.8,0,-,0,0
01-08-2025 23:56,Oven_1,B1023,171.87,49.93,64,119.4,2.32,25.69,184.83,0,93.1,0,-,0,0
01-08-2025 23:58,Mixer_1,B1023,177.59,44.55,56.96,116.7,2.73,22.24,183.75,0,95.7,0,-,0,0
02-08-2025 00:00,Oven_1,B1024,189.29,43.77,64.44,131.5,3.33,28.3,201.29,0,92.9,0,-,0,0
02-08-2025 00:02,Oven_1,B1024,185.37,55.16,57.83,116.6,2.59,27.31,194.11,0,97.6,0,-,0,0
02-08-2025 00:04,Oven_1,B1024,176.88,43.45,59.52,114.2,2.54,23.64,200.4,1,95,0,-,0,0
02-08-2025 00:06,Oven_3,B1024,182.02,38.61,61.53,130,2.27,23.67,186.41,0,96.9,0,-,0,0
02-08-2025 00:08,Oven_1,B1024,185.25,41.43,59.17,131.4,3.58,21.99,185.47,0,94.3,0,-,0,0
02-08-2025 00:10,Oven_1,B1024,214.31,43.41,67.66,122.7,3.24,21.81,231.12,0,83.7,1,Oven_Temp_C,1,40.33
02-08-2025 00:12,Oven_1,B1024,196.09,55.78,58.97,106.1,2.54,25.88,227.38,0,94,0,-,0,0
02-08-2025 00:14,Oven_2,B1024,183,46.03,53.21,133.3,5.78,26.27,217.6,0,84.6,1,Mixer_Vibration_mms,1,44.64
02-08-2025 00:16,Oven_3,B1024,170.45,49.67,63.22,124.9,2.13,14.5,212.21,1,90.1,1,Conveyor_Speed_mpm,1,31.75
02-08-2025 00:18,Oven_3,B1024,205.49,39.99,56.35,120.1,2.95,25.48,248.45,3,86.2,1,Oven_Temp_C,1,29.8
02-08-2025 00:20,Oven_1,B1024,197.94,46.76,49.42,132.4,2.17,23.66,202.17,0,92.9,0,-,0,0
02-08-2025 00:22,Oven_1,B1024,194.45,48.36,46.03,109.1,3.14,25.69,215.53,3,87,1,Dough_Moisture_%,1,33.24
02-08-2025 00:24,Oven_3,B1024,182.3,54.01,62,138.2,7.13,21.65,199.94,1,76.5,1,Mixer_Vibration_mms,1,56.84
02-08-2025 00:26,Oven_1,B1024,186.75,41.52,61.27,115,2.78,24.92,197.94,1,95.7,0,-,0,0
02-08-2025 00:28,Oven_2,B1024,182.01,48.02,61.2,130.6,2.99,28.15,202.15,0,95.3,0,-,0,0
02-08-2025 00:30,Mixer_1,B1024,178.53,46.51,61.91,119.4,2.9,27.82,192.09,1,93.3,0,-,0,0
02-08-2025 00:32,Oven_3,B1024,184.51,39.89,64.76,128.2,2.09,23.88,203.5,1,96,0,-,0,0
02-08-2025 00:34,Oven_1,B1024,184.96,44.9,57.82,114.8,2.4,24.16,195.35,0,99.8,0,-,0,0
02-08-2025 00:36,Oven_1,B1024,184.34,43.68,61.75,108.7,4,27.94,204.7,0,92.2,0,-,0,0
02-08-2025 00:38,Mixer_1,B1024,169.98,33.37,55.02,111.1,1.88,28.84,190.36,0,91.7,0,-,0,0
02-08-2025 00:40,Oven_1,B1025,183.82,47.99,56.58,115.1,2.32,21.6,187.21,0,98.3,0,-,0,0
02-08-2025 00:42,Mixer_2,B1025,178.16,47.7,62.23,111.8,3.24,23.96,187.17,1,91.8,0,-,0,0
02-08-2025 00:44,Mixer_2,B1025,180.62,42.81,59.56,129.6,2.5,25.42,185.86,0,97.7,0,-,0,0
02-08-2025 00:46,Oven_1,B1025,186.82,38.31,52.67,130.7,2.11,27.59,189.05,1,95.4,0,-,0,0
02-08-2025 00:48,Mixer_2,B1025,190.13,52.4,59.45,122.2,1.81,23.05,200.05,0,96.4,0,-,0,0
02-08-2025 00:50,Oven_1,B1025,192.17,46.33,57.27,111.7,2.92,26.32,204.85,0,95.2,0,-,0,0
02-08-2025 00:52,Oven_1,B1025,181.03,50.08,54.73,119.1,3.21,24.24,205.27,1,92.9,0,-,0,0
02-08-2025 00:54,Oven_2,B1025,192.39,52.05,59.74,114.5,3.44,30.15,201.28,0,91.4,0,-,0,0
02-08-2025 00:56,Mixer_1,B1025,194.39,42.4,56.38,131.6,2.63,25.85,201.63,1,94.1,0,-,0,0
02-08-2025 00:58,Oven_1,B1025,194.09,49.06,51.72,122.5,3.23,24.6,194.64,1,90.5,0,-,0,0
02-08-2025 01:00,Mixer_2,B1025,196.12,43.79,53.56,123.9,1.98,24.16,208.32,2,92.3,0,-,0,0
02-08-2025 01:02,Mixer_2,B1025,183.83,44.69,65.08,116.8,2.7,27.23,198.35,0,96.6,0,-,0,0
02-08-2025 01:04,Mixer_1,B1025,183.61,44.57,51.94,103.9,2.19,26.4,190.44,1,96.5,0,-,0,0
02-08-2025 01:06,Mixer_2,B1025,191.6,44.99,58.89,113.8,2.7,22.51,202.17,1,95.1,0,-,0,0
02-08-2025 01:08,Mixer_2,B1025,174.07,50.57,60.44,111.1,3.05,25.38,192.59,2,90.1,0,-,0,0
02-08-2025 01:10,Oven_1,B1025,186.68,45.62,60.56,123,3.24,21.94,184.98,2,92.9,0,-,0,0
02-08-2025 01:12,Mixer_1,B1025,180.76,44.23,53.1,120.8,2.01,23.23,197.66,1,95.7,0,-,0,0
02-08-2025 01:14,Oven_2,B1025,182.05,43.62,56.71,113.6,3.36,22.04,193.39,1,93.4,0,-,0,0
02-08-2025 01:16,Mixer_1,B1025,171.07,46.71,58.56,116.9,2.32,21.97,184.55,1,93.1,0,-,0,0
02-08-2025 01:18,Oven_2,B1025,177.88,40.53,61.2,132.5,1.98,23.38,190.59,1,94.6,0,-,0,0
02-08-2025 01:20,Oven_1,B1026,184.84,42.49,55.42,112.3,2.5,22.74,204.72,2,96.2,0,-,0,0
02-08-2025 01:22,Oven_2,B1026,192.11,44.74,53.35,112.7,1.72,26.07,208.82,1,94.9,0,-,0,0
02-08-2025 01:24,Oven_1,B1026,192.92,42.17,62.01,118.2,2.6,26.66,211.91,2,92.7,0,-,0,0
02-08-2025 01:26,Oven_1,B1026,184.36,44.41,62.42,114.4,2.77,24.37,187.98,3,93.8,0,-,0,0
02-08-2025 01:28,Oven_2,B1026,183.49,41.95,59.48,116.6,2.48,22.43,189.95,3,94.7,0,-,0,0
02-08-2025 01:30,Oven_2,B1026,178.35,55.02,55.56,124.3,2.92,26.68,199.11,2,91.2,0,-,0,0
02-08-2025 01:32,Mixer_1,B1026,188.22,51.65,59.63,133.9,2.41,20.43,190.5,0,96.8,0,-,0,0
02-08-2025 01:34,Oven_3,B1026,183.02,47.25,58.44,105.8,2.6,20.63,187.29,0,97.8,0,-,0,0
02-08-2025 01:36,Oven_1,B1026,189.85,44.73,61.35,119.9,1.74,26.51,188.58,2,94.8,0,-,0,0
02-08-2025 01:38,Oven_1,B1026,199.01,55.95,53,120.3,2.63,26.35,215.56,0,91.5,0,-,0,0
02-08-2025 01:40,Oven_1,B1026,184.74,46.61,58.47,119.3,2.09,27.05,203.12,1,98,0,-,0,0
02-08-2025 01:42,Mixer_1,B1026,173.02,44.57,57.36,118.5,2.33,24.42,191.9,1,94.3,0,-,0,0
02-08-2025 01:44,Oven_1,B1026,178.11,46.52,53.56,117.3,2.54,22.11,192.2,0,95.6,0,-,0,0
02-08-2025 01:46,Mixer_2,B1026,173.33,46.53,58.86,128,2.71,23.78,187.71,0,94.4,0,-,0,0
02-08-2025 01:48,Mixer_2,B1026,175.42,52.05,58.14,116.3,1.61,26.15,188.51,1,94.2,0,-,0,0
02-08-2025 01:50,Mixer_1,B1026,195.44,44.91,56.36,119,1.66,23.21,204.75,0,95.7,0,-,0,0
02-08-2025 01:52,Mixer_1,B1026,186.81,55.5,59.58,120,2.42,23.35,192.22,2,94.7,0,-,0,0
02-08-2025 01:54,Oven_1,B1026,172.84,40.59,52.32,120.9,2.88,21.82,195.66,1,90.4,0,-,0,0
02-08-2025 01:56,Mixer_2,B1026,190.23,48.47,57.79,118.6,2.82,22.33,194.84,0,95.9,0,-,0,0
02-08-2025 01:58,Oven_1,B1026,195.08,39.99,59.73,128,3.14,26.76,198.12,2,90.1,0,-,0,0
02-08-2025 02:00,Oven_3,B1027,182.12,54.09,59.14,119.9,3.38,25.91,202.71,1,92.5,0,-,0,0
02-08-2025 02:02,Oven_2,B1027,179.59,43.35,62.31,121.4,2.9,22.34,191.41,0,94.8,0,-,0,0
02-08-2025 02:04,Oven_2,B1027,182.3,44.71,53.2,119.6,2.59,22.51,196.95,2,94.7,0,-,0,0
02-08-2025 02:06,Mixer_2,B1027,187.28,49.62,51.97,112,1.98,23.66,193.41,0,96.8,0,-,0,0
02-08-2025 02:08,Mixer_2,B1027,190.12,51.28,58.96,113.4,2.03,26.11,185.11,0,96.9,0,-,0,0
02-08-2025 02:10,Oven_1,B1027,194.46,39.44,59.82,111.6,2.32,22.32,202.55,0,95,0,-,0,0
02-08-2025 02:12,Oven_1,B1027,194.7,43.27,66.48,121.5,2.76,24.53,193.4,2,90.7,0,-,0,0
02-08-2025 02:14,Oven_1,B1027,194.48,38.03,60.47,114.3,2.73,20.16,205.24,3,89.8,0,-,0,0
02-08-2025 02:16,Oven_1,B1027,195.9,45.69,54.5,111.5,2.6,22.12,190.67,3,90.8,0,-,0,0
02-08-2025 02:18,Mixer_1,B1027,190.29,44.49,61.22,121.9,2.51,25.83,188.43,1,95.9,0,-,0,0
02-08-2025 02:20,Oven_1,B1027,172.75,43.26,54.62,124.2,2.98,26.89,192.52,0,92.4,0,-,0,0
02-08-2025 02:22,Oven_2,B1027,183.95,41.58,52.06,105.9,2.72,22.35,195.37,2,93.9,0,-,0,0
02-08-2025 02:24,Mixer_1,B1027,187.51,43.07,68.44,133.5,2.78,23.19,199.07,0,94.8,1,Dough_Moisture_%,1,21.88
02-08-2025 02:26,Mixer_1,B1027,181.93,41.27,59.3,120.3,2.79,26.66,187.88,1,95.5,0,-,0,0
02-08-2025 02:28,Mixer_1,B1027,192.29,47.64,60.86,119.2,2.27,24.04,205.01,3,92.6,0,-,0,0
02-08-2025 02:30,Oven_1,B1027,182.12,52.58,60.25,128.5,1.98,23.71,186.28,1,95.9,0,-,0,0
02-08-2025 02:32,Oven_3,B1027,177.59,35.35,65.25,120.6,2.89,26.05,189.78,1,91.2,0,-,0,0
02-08-2025 02:34,Mixer_1,B1027,196.55,44.42,59.14,115.2,2.85,25.34,197.33,0,94.1,0,-,0,0
02-08-2025 02:36,Mixer_1,B1027,190.33,42.91,62.87,137.6,2.47,27.36,199.86,3,92.7,0,-,0,0
02-08-2025 02:38,Mixer_1,B1027,186.75,47.46,53.89,111.4,2.35,26.66,201.86,0,97.7,0,-,0,0
02-08-2025 02:40,Oven_1,B1028,192.41,40.24,52.43,119.2,3.97,23.63,195.78,1,88,0,-,0,0
02-08-2025 02:42,Mixer_1,B1028,193.5,44.27,63.71,126.8,2.14,24.64,204.88,1,94.2,0,-,0,0
02-08-2025 02:44,Oven_1,B1028,187.73,39.8,63.9,111.4,2.47,24.77,200.7,1,95.6,0,-,0,0
02-08-2025 02:46,Mixer_1,B1028,165.34,48.48,60.04,119.2,2.76,21.91,173.74,0,90.6,0,-,0,0
02-08-2025 02:48,Oven_1,B1028,179.6,45.5,58.9,123.1,1.91,22.75,185.65,0,97.5,0,-,0,0
02-08-2025 02:50,Mixer_2,B1028,181.35,44.19,58.66,139.2,2.67,27.05,194.97,0,97.4,0,-,0,0
02-08-2025 02:52,Mixer_1,B1028,177.13,46.85,55.25,112.9,3.68,21.4,185.97,1,89.8,0,-,0,0
02-08-2025 02:54,Oven_2,B1028,186.59,43.77,64.15,119.6,3.16,27.1,199.67,0,94.8,0,-,0,0
02-08-2025 02:56,Oven_1,B1028,194.54,37.23,60.64,125.3,2.98,25.54,190.65,1,91.6,0,-,0,0
02-08-2025 02:58,Oven_1,B1028,181.12,47.98,60.02,120.6,2.96,24.6,198.26,1,94.6,0,-,0,0
02-08-2025 03:00,Mixer_2,B1028,175.92,46.44,59.5,110.4,2.67,26.09,194.91,0,95.4,0,-,0,0
02-08-2025 03:02,Mixer_1,B1028,201.22,44.23,62.19,123.3,3.18,25.96,204.84,2,87.9,0,-,0,0
02-08-2025 03:04,Oven_3,B1028,181.39,49.92,60.02,120.9,2.51,27.58,187,0,97.1,0,-,0,0
02-08-2025 03:06,Oven_3,B1028,175.14,51.09,60.98,123.6,2.35,24.02,190.79,1,93.5,0,-,0,0
02-08-2025 03:08,Oven_2,B1028,186.9,39.54,53.32,129.1,2.66,24.4,194.82,1,95.4,0,-,0,0
02-08-2025 03:10,Mixer_1,B1028,188.41,41.09,60.04,128.1,3.14,24.36,202.14,0,95,0,-,0,0
02-08-2025 03:12,Oven_2,B1028,179.36,52.74,66.75,123.3,2.8,29.06,194.55,0,92.9,0,-,0,0
02-08-2025 03:14,Oven_2,B1028,191.32,52.09,55.93,122.5,3,26.99,205.09,0,93.9,0,-,0,0
02-08-2025 03:16,Mixer_2,B1028,181.1,41.31,57.48,111.2,1.39,22.87,189.5,3,94,0,-,0,0
02-08-2025 03:18,Mixer_1,B1028,177.62,39.1,61.57,118.9,3.32,24.17,200.28,2,89.9,0,-,0,0
02-08-2025 03:20,Oven_3,B1029,186.43,41.81,61.83,121.8,4,23.35,182.66,0,91.8,0,-,0,0
02-08-2025 03:22,Oven_3,B1029,191.17,42.51,60.5,116.8,3.4,24.94,193.03,0,93.2,0,-,0,0
02-08-2025 03:24,Mixer_1,B1029,179.93,37.08,51.53,120.8,2.41,25.38,196.55,2,93,0,-,0,0
02-08-2025 03:26,Oven_1,B1029,187.65,45.16,60.01,113.4,2.09,29.97,189.74,2,95.4,0,-,0,0
02-08-2025 03:28,Mixer_1,B1029,184.25,38.6,53.27,132.3,2.77,20.88,199.98,0,95.9,0,-,0,0
02-08-2025 03:30,Mixer_2,B1029,207.6,38.95,54.7,137.2,2.01,27.18,204.22,0,90,1,Oven_Temp_C,1,29.38
02-08-2025 03:32,Oven_3,B1029,179.33,49.58,60.19,116.9,3.04,25.87,193.57,1,93.3,0,-,0,0
02-08-2025 03:34,Oven_3,B1029,196.07,41.58,56.82,123.2,2.28,23.36,196.48,2,92.7,0,-,0,0
02-08-2025 03:36,Oven_2,B1029,184.58,44.64,61.24,118.1,3.18,24.58,192.88,1,95,0,-,0,0
02-08-2025 03:38,Oven_2,B1029,183.99,48.15,70.59,130.1,3.42,23.82,197.38,2,89.8,1,Dough_Moisture_%,1,29.91
02-08-2025 03:40,Oven_2,B1029,190.77,49.07,61.11,123.5,1.38,25.02,199.12,1,95.4,0,-,0,0
02-08-2025 03:42,Oven_2,B1029,192.15,43.31,60.89,120.6,2.78,27.14,198.72,1,93.9,0,-,0,0
02-08-2025 03:44,Oven_3,B1029,195.14,45.22,54.42,118.2,2.18,21.56,213.05,1,93.8,0,-,0,0
02-08-2025 03:46,Oven_2,B1029,187.63,40.87,55.43,121,1.75,27.81,198.89,3,93.8,0,-,0,0
02-08-2025 03:48,Oven_1,B1029,180.2,53.74,53.75,112,2.23,24.09,186.36,2,93.4,0,-,0,0
02-08-2025 03:50,Oven_2,B1029,180.7,48.25,55.87,125.4,2.47,28.23,201.29,2,94.6,0,-,0,0
02-08-2025 03:52,Mixer_1,B1029,189.08,39.48,53.63,114.3,3.22,25.82,202.96,1,92.4,0,-,0,0
02-08-2025 03:54,Mixer_2,B1029,189.65,45.02,55.36,124.3,1.69,27.64,207.61,1,96.1,0,-,0,0
02-08-2025 03:56,Oven_2,B1029,196.18,48.57,57.17,121,3.23,26.17,213.62,1,91,0,-,0,0
02-08-2025 03:58,Oven_1,B1029,188.35,47.4,54,128.8,3.81,27.31,194.33,0,91.9,0,-,0,0
02-08-2025 04:00,Oven_3,B1030,193.48,54.15,52.32,119.9,2.96,25.04,207.17,0,92.4,0,-,0,0
02-08-2025 04:02,Mixer_2,B1030,197.13,51.86,52.55,128.2,2.93,23.08,209.88,1,90.2,0,-,0,0
02-08-2025 04:04,Oven_1,B1030,186.32,42.3,59.82,112.6,2.59,26.4,196.55,0,98.1,0,-,0,0
02-08-2025 04:06,Mixer_1,B1030,173.12,44.55,58.24,124.9,1.89,26.49,192.27,3,91.9,0,-,0,0
02-08-2025 04:08,Mixer_1,B1030,175.57,38.59,62.1,118.2,2.92,29.55,174.55,1,91.1,0,-,0,0
02-08-2025 04:10,Mixer_1,B1030,173.5,46.25,62.18,121.6,2.83,20.5,184.77,1,91.5,0,-,0,0
02-08-2025 04:12,Oven_1,B1030,197.73,45.76,56.64,120.6,3.04,24.49,213.74,1,91.7,0,-,0,0
02-08-2025 04:14,Oven_1,B1030,178.22,58.52,60.68,127.5,4.14,27.26,183.5,2,85.6,0,-,0,0
02-08-2025 04:16,Oven_3,B1030,194.85,45.49,52.24,103.8,3.04,22.16,195.28,1,91.3,0,-,0,0
02-08-2025 04:18,Oven_1,B1030,189.69,34.53,67.13,122.6,2.86,24.42,200.53,2,90.6,0,-,0,0
02-08-2025 04:20,Oven_3,B1030,198.72,41.64,62.78,108,3.54,29.59,207.55,1,87.5,0,-,0,0
02-08-2025 04:22,Oven_2,B1030,193.02,45.56,57.14,129.7,1.79,28.05,212.73,0,96.4,0,-,0,0
02-08-2025 04:24,Oven_3,B1030,184.18,38.72,53.35,104.2,1.91,22.99,182.42,0,97.3,0,-,0,0
02-08-2025 04:26,Oven_1,B1030,183.4,40.66,59.52,112,2.37,28.07,195.79,1,96.7,0,-,0,0
02-08-2025 04:28,Mixer_1,B1030,185.68,43.17,50.52,106.6,2.21,27.54,201.09,0,97.2,0,-,0,0
02-08-2025 04:30,Mixer_2,B1030,186.4,46.71,54.88,133.1,3.02,26.64,191.27,4,91.4,0,-,0,0
02-08-2025 04:32,Mixer_1,B1030,180.75,44.17,61,109.7,2.41,25.77,192.65,2,95.1,0,-,0,0
02-08-2025 04:34,Mixer_1,B1030,184.74,40.55,58.3,120.9,3.64,25.45,207.61,2,92.1,0,-,0,0
02-08-2025 04:36,Mixer_2,B1030,197.87,48.94,56.04,115.7,3.51,23.01,209.82,0,90.1,0,-,0,0
02-08-2025 04:38,Oven_2,B1030,171.38,42.3,61.8,105.6,3.06,23.79,189.69,3,87.8,0,-,0,0
02-08-2025 04:40,Mixer_1,B1031,187.07,42.5,53.85,117.3,2.37,26.55,181.9,1,96.4,0,-,0,0
02-08-2025 04:42,Oven_1,B1031,177.74,38.1,59.14,125.3,2.97,25.24,192.11,1,93,0,-,0,0
02-08-2025 04:44,Oven_3,B1031,186.5,41.07,56.01,118.5,3.09,29.01,200.72,0,95.4,0,-,0,0
02-08-2025 04:46,Oven_1,B1031,191.72,48.26,54.61,127.5,1.96,24.2,198.58,1,95,0,-,0,0
02-08-2025 04:48,Mixer_2,B1031,184.54,36.91,59.85,117.1,2.81,19.64,193.01,0,96.1,0,-,0,0
02-08-2025 04:50,Mixer_1,B1031,191.18,44.64,54.03,120.1,3.02,24.2,217.74,2,92.2,0,-,0,0
02-08-2025 04:52,Mixer_2,B1031,172.28,48.59,65.61,116.9,2.73,25.55,187.72,1,90.9,0,-,0,0
02-08-2025 04:54,Mixer_1,B1031,193.86,43.11,55.66,122.7,3.54,25.78,195.84,0,91.7,0,-,0,0
02-08-2025 04:56,Oven_2,B1031,180.17,46.2,65.96,135.2,3.33,25.08,196.81,3,89.2,0,-,0,0
02-08-2025 04:58,Mixer_1,B1031,189.98,39.42,53.62,122.9,2.1,23.12,196.59,1,94.8,0,-,0,0
02-08-2025 05:00,Oven_2,B1031,186.46,51.55,60.42,121.6,2.67,28.23,196.57,0,96.7,0,-,0,0
02-08-2025 05:02,Mixer_2,B1031,164.32,50.51,53.2,115.1,2.1,23.47,183.05,1,89.3,1,Oven_Temp_C,1,30.07
02-08-2025 05:04,Mixer_1,B1031,178.95,46.18,52.64,114,2.95,26.5,197.34,0,94.3,0,-,0,0
02-08-2025 05:06,Oven_1,B1031,186.76,36.22,58.64,131.7,2.08,24.31,199.67,0,97.8,0,-,0,0
02-08-2025 05:08,Mixer_2,B1031,197.43,39.77,60.71,111.1,3.15,22.3,193.63,2,88.8,0,-,0,0
02-08-2025 05:10,Oven_2,B1031,187.3,49.88,52.9,112.7,2.83,28.05,196.96,2,93,0,-,0,0
02-08-2025 05:12,Oven_1,B1031,187.06,53.57,62.74,119.2,3.18,19.41,197.8,0,93.2,0,-,0,0
02-08-2025 05:14,Oven_2,B1031,173.7,46.48,54.81,116.6,2.51,23.07,185.94,1,93.5,0,-,0,0
02-08-2025 05:16,Oven_1,B1031,196.45,51.24,58.52,135.6,1.73,25.89,211.58,1,93.6,0,-,0,0
02-08-2025 05:18,Oven_3,B1031,199.46,41.96,59.52,101.1,3.66,24.16,206.16,0,89.3,0,-,0,0
02-08-2025 05:20,Oven_1,B1032,185.23,44.05,60.38,122.9,2.5,26.6,191.32,2,96.5,0,-,0,0
02-08-2025 05:22,Mixer_2,B1032,183.24,45.01,50.81,125.7,3.43,24.72,197.68,0,93.8,0,-,0,0
02-08-2025 05:24,Oven_2,B1032,172.05,47.12,64.47,111,2.86,23.95,199.43,1,90.7,0,-,0,0
02-08-2025 05:26,Mixer_2,B1032,192.07,37.36,60.25,114.8,3,29.7,210.66,0,93.1,0,-,0,0
02-08-2025 05:28,Oven_1,B1032,206.62,49.7,56.3,123.5,3.7,24.46,207.9,0,86.4,1,Oven_Temp_C,1,39.17
02-08-2025 05:30,Mixer_2,B1032,190.74,51.61,53.9,133,2.8,24.6,206.1,0,94.7,0,-,0,0
02-08-2025 05:32,Oven_2,B1032,195.11,39.26,51.22,112.6,3.44,22.56,195.81,0,89.8,0,-,0,0
02-08-2025 05:34,Oven_1,B1032,189.34,38.22,52.55,107.4,1.71,23.3,187.65,1,94.6,0,-,0,0
02-08-2025 05:36,Mixer_1,B1032,177.12,46.75,60.18,127.8,3.12,26.38,196.63,2,91.3,0,-,0,0
02-08-2025 05:38,Oven_3,B1032,195.69,41.73,56.64,132.2,2.45,26.19,205.45,0,95.2,0,-,0,0
02-08-2025 05:40,Mixer_2,B1032,175.12,33.15,53.47,117.3,2.52,24.96,193.46,1,92.3,0,-,0,0
02-08-2025 05:42,Mixer_1,B1032,183.31,49.04,55.89,102.3,2.61,23.41,192.31,0,97.6,0,-,0,0
02-08-2025 05:44,Mixer_2,B1032,187.23,45.78,64.26,131.6,2.81,26.46,201.31,0,96.1,0,-,0,0
02-08-2025 05:46,Oven_1,B1032,192.06,42.62,56.68,118.4,3.59,21.2,195.25,4,87.1,0,-,0,0
02-08-2025 05:48,Oven_1,B1032,188.33,55.57,55.66,129,1.49,24.2,201.58,0,96.5,0,-,0,0
02-08-2025 05:50,Oven_3,B1032,188.09,45.69,63.4,119.7,2.63,24.4,202.57,2,94.5,0,-,0,0
02-08-2025 05:52,Oven_1,B1032,178.91,41.23,59.85,117,2.17,23.09,191.33,4,91.8,0,-,0,0
02-08-2025 05:54,Oven_1,B1032,174.69,45.51,58.18,116.4,3.3,25.29,195.05,1,91.8,0,-,0,0
02-08-2025 05:56,Oven_1,B1032,185.49,39.8,55.57,131.8,2.35,23.49,186.61,0,98.2,0,-,0,0
02-08-2025 05:58,Mixer_1,B1032,179.32,41.19,51.79,131.5,2.87,23.19,188.96,0,94.1,0,-,0,0
02-08-2025 06:00,Mixer_1,B1033,174.54,46.93,53.32,102.9,2.36,28.93,198.58,3,90.7,0,-,0,0
02-08-2025 06:02,Oven_1,B1033,174.87,42.23,56.08,112.5,3,26.59,200.89,1,92.1,0,-,0,0
02-08-2025 06:04,Mixer_1,B1033,181.08,42.75,57.12,134.2,3.21,27.6,198.24,2,92.4,0,-,0,0
02-08-2025 06:06,Mixer_1,B1033,170.18,53.34,59.42,117.1,2.36,25.08,187.06,0,93.2,0,-,0,0
02-08-2025 06:08,Oven_1,B1033,174.22,49.3,60.21,109.1,2.63,27.09,182.14,0,94.2,0,-,0,0
02-08-2025 06:10,Mixer_1,B1033,171.92,49.01,58.89,120,1.75,26.69,191.82,0,94.3,0,-,0,0
02-08-2025 06:12,Mixer_2,B1033,186.46,47.64,58.88,119.1,2.78,27.64,202.57,0,97.3,0,-,0,0
02-08-2025 06:14,Oven_3,B1033,188.26,47.42,53.97,119.2,3.11,30.18,191.03,1,93.1,0,-,0,0
02-08-2025 06:16,Oven_1,B1033,201.06,52.28,49.38,116.2,2.27,24.47,207.66,3,87.5,0,-,0,0
02-08-2025 06:18,Oven_2,B1033,173.02,44.9,55.92,117.5,3.27,25.54,192.42,0,92.1,0,-,0,0
02-08-2025 06:20,Oven_2,B1033,179.56,54.28,54.18,116.4,1.36,24.86,195.31,1,94.5,0,-,0,0
02-08-2025 06:22,Mixer_1,B1033,192.3,40.24,55.39,122.7,1.49,17.24,190.62,0,94.9,1,Conveyor_Speed_mpm,1,22.16
02-08-2025 06:24,Mixer_1,B1033,183.27,43.72,56.9,113.5,1.77,21.9,196.43,1,97.3,0,-,0,0
02-08-2025 06:26,Oven_3,B1033,182.38,38.11,53.03,117.7,2.31,25.02,185.45,2,94.4,0,-,0,0
02-08-2025 06:28,Oven_1,B1033,198.67,43.28,53.56,118.8,2.61,26.37,213.01,1,92,0,-,0,0
02-08-2025 06:30,Mixer_2,B1033,182.29,47.59,57.6,130.4,2.55,23.71,196.21,0,98.2,0,-,0,0
02-08-2025 06:32,Mixer_1,B1033,175.75,52.26,58.46,123,2.56,27.48,185.43,2,92.5,0,-,0,0
02-08-2025 06:34,Oven_2,B1033,174.46,41.68,55.38,119.1,3.03,27.81,199.44,2,90.2,0,-,0,0
02-08-2025 06:36,Oven_3,B1033,187.69,45.03,59.99,124.3,2.32,24.08,204.7,2,96,0,-,0,0
02-08-2025 06:38,Oven_3,B1033,187.44,43.2,57.12,123.2,1.84,28.12,195.23,2,95.8,0,-,0,0
02-08-2025 06:40,Mixer_1,B1034,174.03,41.31,53.92,128.7,1.85,28.84,205.92,1,92.8,0,-,0,0
02-08-2025 06:42,Oven_2,B1034,177.12,39.05,58.16,124.1,3.87,26.01,186.68,0,90.7,0,-,0,0
02-08-2025 06:44,Oven_1,B1034,189.28,45.3,65.53,134.4,1.19,22.83,201.24,1,95,0,-,0,0
02-08-2025 06:46,Mixer_2,B1034,189.62,36.34,55.3,130.8,2.49,28.22,208.36,5,89.9,0,-,0,0
02-08-2025 06:48,Mixer_1,B1034,179.85,45.55,62.66,119.7,3.47,24.63,179.51,2,90.6,0,-,0,0
02-08-2025 06:50,Oven_1,B1034,189.98,45.1,63.51,116.7,2.89,24.16,204.16,1,94,0,-,0,0
02-08-2025 06:52,Mixer_2,B1034,189.57,41.71,63.99,127.1,2.1,25.25,199.22,1,95.2,0,-,0,0
02-08-2025 06:54,Oven_1,B1034,170.74,39.95,54.71,124.1,2.6,23.81,188.23,0,92.8,0,-,0,0
02-08-2025 06:56,Oven_1,B1034,182.5,38.08,66.06,119.2,3.12,27.35,189.17,2,90.8,0,-,0,0
02-08-2025 06:58,Oven_3,B1034,188.32,54.36,58.47,108.2,3.32,26.71,199.23,3,90.2,0,-,0,0
02-08-2025 07:00,Oven_1,B1034,180.42,38.29,56.98,105.3,2.06,27.68,186.28,0,96.7,0,-,0,0
02-08-2025 07:02,Mixer_1,B1034,167.89,52.79,57.08,122.8,3.06,26.28,181.77,1,89,0,-,0,0
02-08-2025 07:04,Oven_1,B1034,182.74,48,60.41,126.2,2.75,23.25,192.26,2,94.5,0,-,0,0
02-08-2025 07:06,Mixer_1,B1034,191.02,43.18,58.2,126.4,3.26,24.65,192.73,2,92.1,0,-,0,0
02-08-2025 07:08,Mixer_1,B1034,197.64,39.21,57.29,109.7,3.43,26.93,212.07,0,90.5,0,-,0,0
02-08-2025 07:10,Oven_2,B1034,167.47,50.21,63.13,128.3,2.39,24.1,179.18,0,91.7,0,-,0,0
02-08-2025 07:12,Oven_3,B1034,205.91,53.65,55.11,115.7,1.73,31.42,205.18,1,88.5,1,Oven_Temp_C,1,33.26
02-08-2025 07:14,Oven_2,B1034,175.98,40.33,53.83,123.1,2.84,24.47,189.45,0,93.7,0,-,0,0
02-08-2025 07:16,Oven_2,B1034,192.66,43.51,61.17,123.3,3.67,23.71,200.27,1,90.2,0,-,0,0
02-08-2025 07:18,Oven_1,B1034,194.87,50.26,60.81,113.6,3.01,27.53,206.58,0,92.6,0,-,0,0
